timestamp,Global_active_power,Global_reactive_power,Voltage,Global_intensity,Sub_metering_1,Sub_metering_2,Sub_metering_3,total_consumption_kwh
2026-01-01 00:00:00,0.15923333333333334,0.043083333333333335,237.65416666666667,0.67,0.0,0.0,4.151666666666666,0.15923333333333334
2026-01-01 01:00:00,0.34406666666666663,0.051366666666666665,237.46933333333334,1.4483333333333335,0.0,0.0,4.0633333333333335,0.34406666666666663
2026-01-01 02:00:00,0.33631666666666665,0.050050000000000004,237.86883333333333,1.4183333333333332,0.0,0.0,3.9,0.33631666666666665
2026-01-01 03:00:00,0.3656333333333333,0.05248333333333333,238.4008333333333,1.53,0.0,0.0,3.9650000000000003,0.3656333333333333
2026-01-01 04:00:00,0.3358666666666667,0.05171666666666667,237.4188333333333,1.4166666666666667,0.0,0.0,4.16,0.3358666666666667
2026-01-01 05:00:00,0.36296666666666666,0.052533333333333335,238.155,1.5283333333333333,0.0,0.0,4.12,0.36296666666666666
2026-01-01 06:00:00,0.4852666666666667,0.06265,237.43733333333333,2.0416666666666665,0.0,0.0,4.126666666666667,0.4852666666666667
2026-01-01 07:00:00,1.8087000000000002,0.21555,237.0765,7.635000000000001,0.0,0.0,3.9616666666666664,1.8087000000000002
2026-01-01 08:00:00,1.8888666666666665,0.2281,237.36483333333334,7.96,9.208333333333334,0.0,3.9433333333333334,1.8888666666666665
2026-01-01 09:00:00,1.9933333333333332,0.23886666666666667,236.79799999999997,8.415,0.0,0.0,4.16,1.9933333333333332
2026-01-01 10:00:00,0.8226666666666667,0.10143333333333333,237.75716666666668,3.453333333333333,0.0,0.0,3.6683333333333334,0.8226666666666667
2026-01-01 11:00:00,0.8797833333333334,0.10726666666666666,237.60633333333334,3.703333333333333,0.0,0.0,4.3,0.8797833333333334
2026-01-01 12:00:00,0.9160666666666667,0.10586666666666668,237.67066666666668,3.8666666666666667,0.0,0.0,4.065,0.9160666666666667
2026-01-01 13:00:00,0.8671,0.10256666666666667,237.7165,3.643333333333333,0.0,0.0,4.003333333333333,0.8671
2026-01-01 14:00:00,0.8229666666666666,0.10111666666666667,237.9586666666667,3.4566666666666666,0.0,0.0,11.398333333333333,0.8229666666666666
2026-01-01 15:00:00,0.7771333333333333,0.09303333333333333,237.56533333333334,3.275,0.0,0.0,11.963333333333333,0.7771333333333333
2026-01-01 16:00:00,0.6985833333333333,0.0848,237.41083333333333,2.945,0.0,0.0,12.118333333333334,0.6985833333333333
2026-01-01 17:00:00,0.5925333333333334,0.07968333333333333,237.4163333333333,2.4949999999999997,0.0,0.0,11.858333333333333,0.5925333333333334
2026-01-01 18:00:00,2.477883333333333,0.29290000000000005,236.30733333333333,10.479999999999999,0.0,0.0,11.886666666666667,2.477883333333333
2026-01-01 19:00:00,2.37215,0.28058333333333335,236.75516666666667,10.023333333333333,0.0,0.0,12.018333333333334,2.37215
2026-01-01 20:00:00,2.2767166666666667,0.2725,237.284,9.593333333333334,13.354999999999999,0.0,12.028333333333334,2.2767166666666667
2026-01-01 21:00:00,2.1998166666666665,0.26385,237.0025,9.28,0.0,23.538333333333334,11.811666666666667,2.1998166666666665
2026-01-01 22:00:00,2.1459333333333332,0.25758333333333333,236.757,9.068333333333333,0.0,0.0,12.251666666666667,2.1459333333333332
2026-01-01 23:00:00,0.17048333333333332,0.04416666666666667,238.12316666666666,0.715,0.0,0.0,11.983333333333333,0.17048333333333332
2026-01-02 00:00:00,0.17596666666666666,0.04248333333333333,237.67716666666666,0.7416666666666667,0.0,0.0,3.9233333333333333,0.17596666666666666
2026-01-02 01:00:00,0.3543833333333334,0.05266666666666667,237.62466666666666,1.4983333333333335,0.0,0.0,4.003333333333333,0.3543833333333334
2026-01-02 02:00:00,0.35341666666666666,0.050866666666666664,237.5295,1.4833333333333334,0.0,0.0,4.378333333333333,0.35341666666666666
2026-01-02 03:00:00,0.35775,0.051383333333333336,238.02550000000002,1.5016666666666665,0.0,0.0,3.795,0.35775
2026-01-02 04:00:00,0.35988333333333333,0.05175,238.0085,1.5083333333333333,0.0,0.0,4.225,0.35988333333333333
2026-01-02 05:00:00,0.3558,0.05396666666666667,237.5855,1.4983333333333335,0.0,0.0,4.405,0.3558
2026-01-02 06:00:00,0.49146666666666666,0.05881666666666666,237.99583333333334,2.0683333333333334,0.0,0.0,3.8883333333333336,0.49146666666666666
2026-01-02 07:00:00,1.7908,0.21741666666666667,236.87616666666665,7.5600000000000005,0.0,0.0,3.6616666666666666,1.7908
2026-01-02 08:00:00,1.9050833333333335,0.22491666666666665,237.8425,8.014999999999999,8.841666666666667,0.0,3.89,1.9050833333333335
2026-01-02 09:00:00,1.97665,0.23365,237.33316666666667,8.328333333333333,0.0,0.0,4.1033333333333335,1.97665
2026-01-02 10:00:00,0.8551333333333333,0.10098333333333334,237.52616666666665,3.606666666666667,0.0,0.0,4.216666666666667,0.8551333333333333
2026-01-02 11:00:00,0.8923,0.10526666666666666,237.53433333333334,3.7583333333333333,0.0,0.0,4.126666666666667,0.8923
2026-01-02 12:00:00,0.8784500000000001,0.10471666666666667,237.88933333333335,3.6983333333333333,0.0,0.0,4.071666666666667,0.8784500000000001
2026-01-02 13:00:00,0.89175,0.10533333333333333,237.496,3.7516666666666665,0.0,0.0,4.191666666666666,0.89175
2026-01-02 14:00:00,0.8245333333333333,0.09838333333333334,237.505,3.475,0.0,0.0,12.595,0.8245333333333333
2026-01-02 15:00:00,0.7858666666666667,0.09523333333333334,237.81466666666665,3.3016666666666667,0.0,0.0,11.955,0.7858666666666667
2026-01-02 16:00:00,0.7048000000000001,0.0843,237.61366666666666,2.9650000000000003,0.0,0.0,11.806666666666667,0.7048000000000001
2026-01-02 17:00:00,0.5910333333333334,0.07346666666666667,238.38316666666665,2.48,0.0,0.0,11.966666666666667,0.5910333333333334
2026-01-02 18:00:00,2.471966666666667,0.2956333333333333,236.2725,10.466666666666667,0.0,0.0,12.238333333333333,2.471966666666667
2026-01-02 19:00:00,2.4074,0.29006666666666664,237.16066666666666,10.155,0.0,0.0,11.935,2.4074
2026-01-02 20:00:00,2.3395333333333337,0.28126666666666666,237.12883333333332,9.866666666666667,13.686666666666667,0.0,12.186666666666667,2.3395333333333337
2026-01-02 21:00:00,2.20505,0.26868333333333333,237.149,9.298333333333334,0.0,24.858333333333334,11.803333333333335,2.20505
2026-01-02 22:00:00,2.1511833333333334,0.2604,237.01116666666667,9.076666666666666,0.0,0.0,11.886666666666667,2.1511833333333334
2026-01-02 23:00:00,0.16051666666666667,0.041883333333333335,237.74016666666665,0.67,0.0,0.0,11.813333333333333,0.16051666666666667
2026-01-03 00:00:00,0.17348333333333335,0.04278333333333333,238.48616666666666,0.7316666666666667,0.0,0.0,3.9116666666666666,0.17348333333333335
2026-01-03 01:00:00,0.4388666666666667,0.0616,237.29916666666668,1.8516666666666666,0.0,0.0,4.218333333333333,0.4388666666666667
2026-01-03 02:00:00,0.4515166666666667,0.057433333333333336,237.86,1.9066666666666667,0.0,0.0,4.4783333333333335,0.4515166666666667
2026-01-03 03:00:00,0.43905,0.0566,237.66316666666665,1.8433333333333333,0.0,0.0,4.008333333333334,0.43905
2026-01-03 04:00:00,0.42891666666666667,0.055766666666666666,237.48366666666666,1.805,0.0,0.0,3.9366666666666665,0.42891666666666667
2026-01-03 05:00:00,0.42296666666666666,0.05851666666666667,237.71983333333336,1.7766666666666666,0.0,0.0,3.9983333333333335,0.42296666666666666
2026-01-03 06:00:00,0.6257166666666667,0.0771,237.3756666666667,2.6416666666666666,0.0,0.0,4.285,0.6257166666666667
2026-01-03 07:00:00,2.25195,0.2719333333333333,236.70566666666667,9.51,0.0,0.0,4.076666666666666,2.25195
2026-01-03 08:00:00,2.3804000000000003,0.2856666666666667,237.3195,10.031666666666666,9.575,0.0,4.08,2.3804000000000003
2026-01-03 09:00:00,2.4738166666666666,0.29531666666666667,236.91766666666666,10.445,0.0,0.0,4.6016666666666675,2.4738166666666666
2026-01-03 10:00:00,1.0618666666666665,0.13071666666666668,237.321,4.4766666666666675,0.0,25.995,4.346666666666667,1.0618666666666665
2026-01-03 11:00:00,1.0998833333333333,0.13326666666666667,237.63166666666666,4.63,0.0,25.078333333333333,4.236666666666666,1.0998833333333333
2026-01-03 12:00:00,1.1086666666666667,0.13355,237.4655,4.67,0.0,25.526666666666664,4.096666666666667,1.1086666666666667
2026-01-03 13:00:00,1.1095333333333335,0.13563333333333333,237.379,4.675,0.0,26.183333333333334,4.246666666666667,1.1095333333333335
2026-01-03 14:00:00,1.0492,0.12805,237.39249999999998,4.418333333333334,0.0,24.725,11.57,1.0492
2026-01-03 15:00:00,0.95895,0.11785,237.84683333333334,4.033333333333333,0.0,0.0,11.83,0.95895
2026-01-03 16:00:00,0.88075,0.10831666666666666,237.45766666666665,3.7133333333333334,0.0,0.0,11.93,0.88075
2026-01-03 17:00:00,0.7577833333333334,0.09068333333333332,237.52716666666666,3.191666666666667,0.0,0.0,12.081666666666667,0.7577833333333334
2026-01-03 18:00:00,3.1515833333333334,0.37215000000000004,235.929,13.358333333333333,0.0,0.0,12.558333333333334,3.1515833333333334
2026-01-03 19:00:00,2.959883333333333,0.35741666666666666,237.08383333333333,12.491666666666667,0.0,0.0,12.216666666666667,2.959883333333333
2026-01-03 20:00:00,2.87515,0.3412,236.38766666666666,12.156666666666666,13.778333333333334,0.0,12.04,2.87515
2026-01-03 21:00:00,2.738316666666667,0.32935,236.46033333333335,11.576666666666666,0.0,0.0,11.915,2.738316666666667
2026-01-03 22:00:00,2.6892666666666667,0.32438333333333336,236.288,11.383333333333333,0.0,0.0,12.275,2.6892666666666667
2026-01-03 23:00:00,0.17083333333333334,0.04165,238.0305,0.7116666666666667,0.0,0.0,11.706666666666667,0.17083333333333334
2026-01-04 00:00:00,0.17605,0.0428,238.00366666666665,0.7366666666666667,0.0,0.0,4.0633333333333335,0.17605
2026-01-04 01:00:00,0.45753333333333335,0.0582,237.23816666666667,1.925,0.0,0.0,3.855,0.45753333333333335
2026-01-04 02:00:00,0.42391666666666666,0.053316666666666665,237.033,1.7950000000000002,0.0,0.0,3.896666666666667,0.42391666666666666
2026-01-04 03:00:00,0.4413,0.05688333333333333,237.8298333333333,1.8583333333333334,0.0,0.0,3.8633333333333337,0.4413
2026-01-04 04:00:00,0.43048333333333333,0.0569,237.95466666666667,1.8133333333333332,0.0,0.0,4.25,0.43048333333333333
2026-01-04 05:00:00,0.4453666666666667,0.056183333333333335,237.41083333333333,1.875,0.0,0.0,4.498333333333333,0.4453666666666667
2026-01-04 06:00:00,0.6208833333333333,0.07748333333333333,237.59866666666667,2.6116666666666664,0.0,0.0,3.9883333333333337,0.6208833333333333
2026-01-04 07:00:00,2.241616666666667,0.26993333333333336,237.10883333333334,9.463333333333333,0.0,0.0,4.213333333333334,2.241616666666667
2026-01-04 08:00:00,2.4078,0.28974999999999995,236.94933333333333,10.161666666666667,8.375,0.0,3.7299999999999995,2.4078
2026-01-04 09:00:00,2.475616666666667,0.2982833333333333,236.93483333333333,10.446666666666665,0.0,0.0,4.005,2.475616666666667
2026-01-04 10:00:00,1.07085,0.12315000000000001,237.176,4.516666666666667,0.0,25.44,4.075,1.07085
2026-01-04 11:00:00,1.1030666666666666,0.13075,237.31283333333334,4.651666666666667,0.0,24.34333333333333,3.6816666666666666,1.1030666666666666
2026-01-04 12:00:00,1.1155333333333333,0.13395,237.38133333333332,4.701666666666667,0.0,24.19,4.2283333333333335,1.1155333333333333
2026-01-04 13:00:00,1.0996833333333333,0.13318333333333335,237.76183333333333,4.631666666666666,0.0,25.23,4.3,1.0996833333333333
2026-01-04 14:00:00,1.0532833333333333,0.12325000000000001,237.26616666666666,4.433333333333334,0.0,25.668333333333333,12.225,1.0532833333333333
2026-01-04 15:00:00,0.9714166666666666,0.12166666666666666,237.51333333333332,4.093333333333333,0.0,0.0,12.208333333333334,0.9714166666666666
2026-01-04 16:00:00,0.8773,0.10636666666666666,237.6595,3.6883333333333335,0.0,0.0,12.22,0.8773
2026-01-04 17:00:00,0.7484999999999999,0.09268333333333333,237.50483333333332,3.1550000000000002,0.0,0.0,11.588333333333333,0.7484999999999999
2026-01-04 18:00:00,3.1477,0.3732666666666667,236.05133333333333,13.336666666666668,0.0,0.0,11.856666666666666,3.1477
2026-01-04 19:00:00,2.9879333333333333,0.35574999999999996,236.70916666666665,12.621666666666666,0.0,0.0,12.379999999999999,2.9879333333333333
2026-01-04 20:00:00,2.8648000000000002,0.34303333333333336,236.719,12.110000000000001,13.596666666666666,0.0,12.181666666666667,2.8648000000000002
2026-01-04 21:00:00,2.7676000000000003,0.33226666666666665,236.80499999999998,11.69,0.0,0.0,11.993333333333334,2.7676000000000003
2026-01-04 22:00:00,2.6838333333333333,0.32258333333333333,236.2468333333333,11.366666666666667,0.0,0.0,11.828333333333335,2.6838333333333333
2026-01-04 23:00:00,0.17965,0.04388333333333334,237.88566666666665,0.755,0.0,0.0,11.958333333333334,0.17965
2026-01-05 00:00:00,0.15851666666666667,0.041133333333333334,237.172,0.6633333333333333,0.0,0.0,3.6933333333333334,0.15851666666666667
2026-01-05 01:00:00,0.3953833333333333,0.05185,237.79799999999997,1.66,0.0,0.0,3.8116666666666665,0.3953833333333333
2026-01-05 02:00:00,0.36186666666666667,0.05255,238.1345,1.5183333333333333,0.0,0.0,3.5966666666666667,0.36186666666666667
2026-01-05 03:00:00,0.36143333333333333,0.05155,237.81333333333333,1.5233333333333334,0.0,0.0,4.295,0.36143333333333333
2026-01-05 04:00:00,0.3374,0.04841666666666667,237.50033333333334,1.415,0.0,0.0,3.853333333333333,0.3374
2026-01-05 05:00:00,0.34456666666666663,0.048900000000000006,237.46766666666664,1.4566666666666668,0.0,0.0,4.176666666666667,0.34456666666666663
2026-01-05 06:00:00,0.5285333333333333,0.06413333333333333,237.54516666666666,2.2266666666666666,0.0,0.0,4.03,0.5285333333333333
2026-01-05 07:00:00,1.81645,0.21678333333333333,236.38366666666667,7.6850000000000005,0.0,0.0,3.935,1.81645
2026-01-05 08:00:00,1.88175,0.2224,237.319,7.9350000000000005,9.201666666666666,0.0,4.255,1.88175
2026-01-05 09:00:00,1.9727166666666667,0.24108333333333334,236.91383333333334,8.331666666666667,0.0,0.0,3.9650000000000003,1.9727166666666667
2026-01-05 10:00:00,0.8526333333333334,0.10261666666666666,236.9545,3.6,0.0,0.0,4.178333333333334,0.8526333333333334
2026-01-05 11:00:00,0.8524333333333334,0.10205,237.459,3.5933333333333333,0.0,0.0,3.9699999999999998,0.8524333333333334
2026-01-05 12:00:00,0.8953166666666666,0.10776666666666666,237.58849999999998,3.7800000000000002,0.0,0.0,3.9266666666666667,0.8953166666666666
2026-01-05 13:00:00,0.9018833333333334,0.10648333333333333,237.98483333333334,3.7866666666666666,0.0,0.0,3.55,0.9018833333333334
2026-01-05 14:00:00,0.8394499999999999,0.09813333333333334,237.9355,3.5233333333333334,0.0,0.0,11.953333333333335,0.8394499999999999
2026-01-05 15:00:00,0.7967,0.09515,237.74133333333333,3.35,0.0,0.0,12.035,0.7967
2026-01-05 16:00:00,0.7181666666666667,0.0858,238.0335,3.018333333333333,0.0,0.0,11.786666666666667,0.7181666666666667
2026-01-05 17:00:00,0.6014833333333333,0.0715,238.11616666666666,2.525,0.0,0.0,11.901666666666667,0.6014833333333333
2026-01-05 18:00:00,2.4861166666666668,0.30105,236.2648333333333,10.518333333333334,0.0,0.0,12.088333333333333,2.4861166666666668
2026-01-05 19:00:00,2.4053166666666663,0.2853833333333334,236.47216666666665,10.178333333333335,0.0,0.0,11.926666666666668,2.4053166666666663
2026-01-05 20:00:00,2.2864833333333334,0.2689666666666667,236.79350000000002,9.656666666666666,13.851666666666667,0.0,12.111666666666668,2.2864833333333334
2026-01-05 21:00:00,2.2257166666666666,0.2631,237.38733333333332,9.373333333333333,0.0,24.548333333333336,11.781666666666666,2.2257166666666666
2026-01-05 22:00:00,2.1407499999999997,0.25243333333333334,237.0195,9.033333333333333,0.0,0.0,11.971666666666666,2.1407499999999997
2026-01-05 23:00:00,0.16001666666666664,0.04108333333333333,237.63416666666666,0.6733333333333333,0.0,0.0,11.693333333333333,0.16001666666666664
2026-01-06 00:00:00,0.17211666666666667,0.04383333333333333,238.318,0.7216666666666666,0.0,0.0,3.878333333333333,0.17211666666666667
2026-01-06 01:00:00,0.37265000000000004,0.05213333333333334,237.65316666666666,1.5666666666666667,0.0,0.0,4.158333333333333,0.37265000000000004
2026-01-06 02:00:00,0.33163333333333334,0.05185,237.5645,1.3966666666666667,0.0,0.0,4.08,0.33163333333333334
2026-01-06 03:00:00,0.35438333333333333,0.050866666666666664,238.12583333333333,1.4849999999999999,0.0,0.0,3.675,0.35438333333333333
2026-01-06 04:00:00,0.35625,0.051333333333333335,237.68333333333334,1.4983333333333335,0.0,0.0,3.5266666666666664,0.35625
2026-01-06 05:00:00,0.35665,0.05115,237.76733333333334,1.4983333333333335,0.0,0.0,3.7783333333333333,0.35665
2026-01-06 06:00:00,0.5037333333333334,0.058666666666666666,238.1305,2.115,0.0,0.0,4.3966666666666665,0.5037333333333334
2026-01-06 07:00:00,1.7910666666666666,0.21248333333333333,236.745,7.566666666666666,0.0,0.0,4.180000000000001,1.7910666666666666
2026-01-06 08:00:00,1.8697000000000001,0.22235,236.45316666666668,7.906666666666666,8.133333333333333,0.0,3.895,1.8697000000000001
2026-01-06 09:00:00,2.0036666666666667,0.23935,236.68316666666666,8.471666666666668,0.0,0.0,3.99,2.0036666666666667
2026-01-06 10:00:00,0.8295999999999999,0.10395,237.57566666666668,3.4949999999999997,0.0,0.0,4.131666666666667,0.8295999999999999
2026-01-06 11:00:00,0.9082666666666667,0.10815,237.73100000000002,3.8233333333333333,0.0,0.0,4.151666666666666,0.9082666666666667
2026-01-06 12:00:00,0.9207666666666667,0.1102,237.21383333333333,3.8866666666666663,0.0,0.0,3.695,0.9207666666666667
2026-01-06 13:00:00,0.8779666666666667,0.10315,237.71033333333335,3.7,0.0,0.0,3.95,0.8779666666666667
2026-01-06 14:00:00,0.8772,0.10816666666666667,237.67583333333332,3.691666666666667,0.0,0.0,12.373333333333333,0.8772
2026-01-06 15:00:00,0.76795,0.09056666666666667,237.976,3.2233333333333336,0.0,0.0,12.271666666666667,0.76795
2026-01-06 16:00:00,0.69555,0.08385,238.21516666666668,2.921666666666667,0.0,0.0,12.195,0.69555
2026-01-06 17:00:00,0.6114499999999999,0.06926666666666666,237.59733333333332,2.578333333333333,0.0,0.0,12.526666666666667,0.6114499999999999
2026-01-06 18:00:00,2.4700833333333336,0.2944833333333333,236.9935,10.423333333333334,0.0,0.0,12.343333333333334,2.4700833333333336
2026-01-06 19:00:00,2.3901333333333334,0.28355,236.9575,10.098333333333333,0.0,0.0,12.083333333333334,2.3901333333333334
2026-01-06 20:00:00,2.301283333333333,0.27385000000000004,236.88033333333334,9.72,13.543333333333333,0.0,12.228333333333333,2.301283333333333
2026-01-06 21:00:00,2.2316999999999996,0.26435000000000003,236.36033333333336,9.441666666666666,0.0,24.08,12.401666666666667,2.2316999999999996
2026-01-06 22:00:00,2.1603,0.26061666666666666,236.96033333333335,9.123333333333333,0.0,0.0,12.276666666666667,2.1603
2026-01-06 23:00:00,0.18436666666666665,0.042383333333333335,237.70566666666667,0.775,0.0,0.0,11.878333333333334,0.18436666666666665
2026-01-07 00:00:00,0.162,0.04135,238.08283333333333,0.6799999999999999,0.0,0.0,4.323333333333333,0.162
2026-01-07 01:00:00,0.3463333333333333,0.05308333333333334,237.4735,1.4516666666666667,0.0,0.0,3.585,0.3463333333333333
2026-01-07 02:00:00,0.36396666666666666,0.05221666666666667,237.8265,1.5283333333333333,0.0,0.0,3.796666666666667,0.36396666666666666
2026-01-07 03:00:00,0.3685333333333334,0.05335,237.76749999999998,1.5450000000000002,0.0,0.0,4.09,0.3685333333333334
2026-01-07 04:00:00,0.3554833333333333,0.0512,237.75,1.4916666666666667,0.0,0.0,3.7116666666666664,0.3554833333333333
2026-01-07 05:00:00,0.37375,0.05001666666666667,237.90033333333335,1.5716666666666665,0.0,0.0,3.895,0.37375
2026-01-07 06:00:00,0.50125,0.06286666666666667,238.60033333333334,2.0933333333333333,0.0,0.0,4.225,0.50125
2026-01-07 07:00:00,1.8063166666666668,0.21421666666666667,236.84666666666666,7.628333333333333,0.0,0.0,4.263333333333334,1.8063166666666668
2026-01-07 08:00:00,1.9147333333333334,0.23183333333333334,236.7985,8.081666666666667,9.254999999999999,0.0,3.703333333333333,1.9147333333333334
2026-01-07 09:00:00,1.9764000000000002,0.23881666666666668,237.04633333333334,8.343333333333334,0.0,0.0,4.226666666666667,1.9764000000000002
2026-01-07 10:00:00,0.8478333333333333,0.09856666666666666,237.7086666666667,3.563333333333333,0.0,0.0,4.171666666666666,0.8478333333333333
2026-01-07 11:00:00,0.8839166666666666,0.10826666666666668,237.7595,3.7183333333333333,0.0,0.0,3.5349999999999997,0.8839166666666666
2026-01-07 12:00:00,0.9098166666666666,0.10935,237.32566666666668,3.8366666666666664,0.0,0.0,3.9683333333333333,0.9098166666666666
2026-01-07 13:00:00,0.8821166666666667,0.10533333333333333,237.98566666666665,3.7083333333333335,0.0,0.0,4.168333333333333,0.8821166666666667
2026-01-07 14:00:00,0.8642666666666667,0.09911666666666667,237.1945,3.645,0.0,0.0,12.065,0.8642666666666667
2026-01-07 15:00:00,0.7746999999999999,0.09043333333333334,237.48016666666666,3.256666666666667,0.0,0.0,12.201666666666666,0.7746999999999999
2026-01-07 16:00:00,0.6667000000000001,0.07896666666666667,237.28733333333332,2.815,0.0,0.0,11.985000000000001,0.6667000000000001
2026-01-07 17:00:00,0.6025833333333334,0.07443333333333334,237.91150000000002,2.5283333333333333,0.0,0.0,11.651666666666667,0.6025833333333334
2026-01-07 18:00:00,2.4711,0.29601666666666665,236.49166666666667,10.455,0.0,0.0,11.853333333333333,2.4711
2026-01-07 19:00:00,2.3823999999999996,0.28513333333333335,236.67533333333333,10.068333333333333,0.0,0.0,12.331666666666667,2.3823999999999996
2026-01-07 20:00:00,2.3132333333333337,0.2779833333333333,236.9813333333333,9.754999999999999,13.653333333333334,0.0,12.191666666666666,2.3132333333333337
2026-01-07 21:00:00,2.2128,0.265,236.98366666666666,9.34,0.0,25.996666666666666,11.768333333333334,2.2128
2026-01-07 22:00:00,2.160816666666667,0.2598666666666667,237.5215,9.095,0.0,0.0,12.046666666666665,2.160816666666667
2026-01-07 23:00:00,0.17593333333333333,0.043816666666666663,237.58783333333335,0.7416666666666667,0.0,0.0,11.901666666666667,0.17593333333333333
2026-01-08 00:00:00,0.15826666666666667,0.04343333333333333,237.57283333333334,0.6633333333333333,0.0,0.0,4.053333333333333,0.15826666666666667
2026-01-08 01:00:00,0.33181666666666665,0.05015,237.9813333333333,1.3900000000000001,0.0,0.0,3.771666666666667,0.33181666666666665
2026-01-08 02:00:00,0.33676666666666666,0.047,237.47166666666666,1.4166666666666667,0.0,0.0,4.221666666666667,0.33676666666666666
2026-01-08 03:00:00,0.36343333333333333,0.05168333333333333,237.69333333333333,1.5316666666666667,0.0,0.0,3.8,0.36343333333333333
2026-01-08 04:00:00,0.3658666666666666,0.05296666666666667,237.82533333333333,1.5316666666666667,0.0,0.0,3.625,0.3658666666666666
2026-01-08 05:00:00,0.34781666666666666,0.05011666666666667,237.841,1.4633333333333334,0.0,0.0,3.908333333333333,0.34781666666666666
2026-01-08 06:00:00,0.4941833333333333,0.06493333333333333,237.52966666666669,2.08,0.0,0.0,3.8883333333333336,0.4941833333333333
2026-01-08 07:00:00,1.7923,0.2189,237.2945,7.553333333333333,0.0,0.0,4.028333333333333,1.7923
2026-01-08 08:00:00,1.9091666666666667,0.22736666666666666,237.40583333333333,8.04,9.453333333333335,0.0,3.8,1.9091666666666667
2026-01-08 09:00:00,1.9721833333333334,0.24208333333333334,237.27933333333334,8.311666666666666,0.0,0.0,3.7516666666666665,1.9721833333333334
2026-01-08 10:00:00,0.8392,0.10105,236.90099999999998,3.545,0.0,0.0,4.013333333333334,0.8392
2026-01-08 11:00:00,0.8799833333333333,0.11005,237.70983333333334,3.6983333333333333,0.0,0.0,4.668333333333334,0.8799833333333333
2026-01-08 12:00:00,0.8874666666666666,0.11005,237.40349999999998,3.7366666666666664,0.0,0.0,4.115,0.8874666666666666
2026-01-08 13:00:00,0.8780666666666667,0.1108,237.58733333333333,3.7,0.0,0.0,3.875,0.8780666666666667
2026-01-08 14:00:00,0.8423833333333334,0.10043333333333333,237.76899999999998,3.5433333333333334,0.0,0.0,11.886666666666667,0.8423833333333334
2026-01-08 15:00:00,0.7895333333333333,0.09446666666666667,237.8585,3.3183333333333334,0.0,0.0,11.978333333333333,0.7895333333333333
2026-01-08 16:00:00,0.72415,0.09241666666666666,237.42633333333333,3.0483333333333333,0.0,0.0,11.895000000000001,0.72415
2026-01-08 17:00:00,0.6231166666666667,0.07811666666666667,238.08516666666668,2.6116666666666664,0.0,0.0,12.151666666666667,0.6231166666666667
2026-01-08 18:00:00,2.4977666666666667,0.29814999999999997,236.88083333333333,10.551666666666668,0.0,0.0,12.54,2.4977666666666667
2026-01-08 19:00:00,2.3541000000000003,0.28205,236.58333333333334,9.948333333333332,0.0,0.0,12.233333333333333,2.3541000000000003
2026-01-08 20:00:00,2.3112333333333335,0.2765833333333333,236.65783333333331,9.76,14.485000000000001,0.0,11.503333333333334,2.3112333333333335
2026-01-08 21:00:00,2.2389666666666668,0.26498333333333335,236.9741666666667,9.448333333333332,0.0,24.84,11.858333333333333,2.2389666666666668
2026-01-08 22:00:00,2.156433333333333,0.25766666666666665,237.161,9.095,0.0,0.0,12.258333333333333,2.156433333333333
2026-01-08 23:00:00,0.15689999999999998,0.041883333333333335,237.89533333333333,0.6533333333333334,0.0,0.0,11.966666666666667,0.15689999999999998
2026-01-09 00:00:00,0.162,0.04191666666666667,237.93883333333332,0.6766666666666666,0.0,0.0,3.7616666666666663,0.162
2026-01-09 01:00:00,0.34476666666666667,0.049300000000000004,238.3175,1.445,0.0,0.0,3.7916666666666665,0.34476666666666667
2026-01-09 02:00:00,0.33665,0.04728333333333334,238.12316666666666,1.4116666666666666,0.0,0.0,3.6816666666666666,0.33665
2026-01-09 03:00:00,0.36228333333333335,0.0524,237.7055,1.5266666666666666,0.0,0.0,4.180000000000001,0.36228333333333335
2026-01-09 04:00:00,0.3506666666666666,0.0534,238.0445,1.4766666666666668,0.0,0.0,3.6533333333333333,0.3506666666666666
2026-01-09 05:00:00,0.34891666666666665,0.0492,237.98950000000002,1.4683333333333333,0.0,0.0,3.993333333333333,0.34891666666666665
2026-01-09 06:00:00,0.49116666666666664,0.06393333333333333,237.62616666666665,2.07,0.0,0.0,3.9183333333333334,0.49116666666666664
2026-01-09 07:00:00,1.7849666666666666,0.21688333333333334,236.71683333333334,7.545,0.0,0.0,4.011666666666667,1.7849666666666666
2026-01-09 08:00:00,1.88395,0.22840000000000002,237.09266666666664,7.95,9.836666666666668,0.0,4.303333333333333,1.88395
2026-01-09 09:00:00,1.9691,0.2356,236.94366666666667,8.311666666666666,0.0,0.0,4.21,1.9691
2026-01-09 10:00:00,0.8541333333333333,0.10501666666666667,237.9945,3.5866666666666664,0.0,0.0,4.321666666666667,0.8541333333333333
2026-01-09 11:00:00,0.9092666666666667,0.1102,238.108,3.8183333333333334,0.0,0.0,4.3983333333333325,0.9092666666666667
2026-01-09 12:00:00,0.8849,0.10616666666666667,238.2015,3.7199999999999998,0.0,0.0,4.473333333333333,0.8849
2026-01-09 13:00:00,0.89555,0.10923333333333334,237.53916666666666,3.771666666666667,0.0,0.0,3.6416666666666666,0.89555
2026-01-09 14:00:00,0.8590666666666666,0.1037,237.53466666666665,3.618333333333333,0.0,0.0,11.746666666666666,0.8590666666666666
2026-01-09 15:00:00,0.8003833333333332,0.09673333333333334,237.37466666666666,3.3699999999999997,0.0,0.0,11.881666666666666,0.8003833333333332
2026-01-09 16:00:00,0.6930833333333334,0.08376666666666667,237.09283333333332,2.9283333333333332,0.0,0.0,12.245000000000001,0.6930833333333334
2026-01-09 17:00:00,0.5992999999999999,0.07565,238.12316666666666,2.518333333333333,0.0,0.0,12.278333333333334,0.5992999999999999
2026-01-09 18:00:00,2.5105166666666667,0.2994833333333334,237.04933333333332,10.595,0.0,0.0,12.151666666666667,2.5105166666666667
2026-01-09 19:00:00,2.4033,0.2919833333333333,237.16716666666667,10.126666666666667,0.0,0.0,11.936666666666667,2.4033
2026-01-09 20:00:00,2.29355,0.27176666666666666,236.74716666666666,9.693333333333333,13.298333333333334,0.0,11.785,2.29355
2026-01-09 21:00:00,2.2112833333333333,0.26826666666666665,237.1695,9.323333333333332,0.0,24.086666666666666,12.014999999999999,2.2112833333333333
2026-01-09 22:00:00,2.1356333333333333,0.2549166666666667,237.208,9.001666666666667,0.0,0.0,11.485000000000001,2.1356333333333333
2026-01-09 23:00:00,0.17099999999999999,0.04276666666666666,237.74883333333335,0.7200000000000001,0.0,0.0,12.315,0.17099999999999999
2026-01-10 00:00:00,0.17128333333333332,0.042366666666666664,237.90333333333334,0.7183333333333334,0.0,0.0,4.46,0.17128333333333332
2026-01-10 01:00:00,0.42888333333333334,0.05678333333333333,238.33383333333333,1.7966666666666666,0.0,0.0,3.805,0.42888333333333334
2026-01-10 02:00:00,0.44631666666666664,0.06125,238.0,1.8766666666666665,0.0,0.0,3.9483333333333333,0.44631666666666664
2026-01-10 03:00:00,0.4684666666666667,0.05828333333333333,238.15883333333335,1.97,0.0,0.0,4.006666666666667,0.4684666666666667
2026-01-10 04:00:00,0.44931666666666664,0.05505,237.58100000000002,1.8916666666666666,0.0,0.0,4.131666666666667,0.44931666666666664
2026-01-10 05:00:00,0.41616666666666663,0.05633333333333333,238.07016666666667,1.7533333333333334,0.0,0.0,3.775,0.41616666666666663
2026-01-10 06:00:00,0.6339833333333333,0.07575,238.14916666666667,2.6616666666666666,0.0,0.0,3.79,0.6339833333333333
2026-01-10 07:00:00,2.2367833333333333,0.26865,236.54833333333332,9.458333333333334,0.0,0.0,4.191666666666666,2.2367833333333333
2026-01-10 08:00:00,2.337283333333333,0.28393333333333337,236.92999999999998,9.863333333333333,9.068333333333333,0.0,3.98,2.337283333333333
2026-01-10 09:00:00,2.48755,0.29441666666666666,236.74083333333334,10.513333333333332,0.0,0.0,3.9566666666666666,2.48755
2026-01-10 10:00:00,1.0727333333333333,0.13066666666666665,237.14433333333332,4.525,0.0,24.793333333333333,3.8233333333333333,1.0727333333333333
2026-01-10 11:00:00,1.1098,0.13491666666666668,237.39766666666668,4.67,0.0,26.271666666666665,3.6383333333333336,1.1098
2026-01-10 12:00:00,1.1151499999999999,0.13761666666666666,237.65916666666666,4.694999999999999,0.0,24.833333333333332,3.8400000000000003,1.1151499999999999
2026-01-10 13:00:00,1.1082166666666666,0.13325,237.37533333333334,4.67,0.0,24.961666666666666,4.203333333333333,1.1082166666666666
2026-01-10 14:00:00,1.0717333333333334,0.12826666666666667,237.1953333333333,4.5183333333333335,0.0,24.873333333333335,12.246666666666666,1.0717333333333334
2026-01-10 15:00:00,0.9774333333333334,0.11468333333333333,237.38433333333333,4.118333333333333,0.0,0.0,12.386666666666667,0.9774333333333334
2026-01-10 16:00:00,0.8770166666666667,0.10236666666666668,237.70633333333333,3.6883333333333335,0.0,0.0,11.95,0.8770166666666667
2026-01-10 17:00:00,0.7705666666666667,0.09465,236.99249999999998,3.25,0.0,0.0,11.858333333333333,0.7705666666666667
2026-01-10 18:00:00,3.115083333333333,0.37388333333333335,235.88933333333335,13.205,0.0,0.0,12.233333333333333,3.115083333333333
2026-01-10 19:00:00,2.9962166666666668,0.36334999999999995,236.7421666666667,12.655,0.0,0.0,12.26,2.9962166666666668
2026-01-10 20:00:00,2.8659666666666666,0.34268333333333334,236.61116666666666,12.118333333333334,12.831666666666667,0.0,12.128333333333334,2.8659666666666666
2026-01-10 21:00:00,2.771666666666667,0.33351666666666663,236.45483333333334,11.723333333333333,0.0,0.0,12.138333333333332,2.771666666666667
2026-01-10 22:00:00,2.693166666666667,0.32599999999999996,236.5575,11.379999999999999,0.0,0.0,12.273333333333333,2.693166666666667
2026-01-10 23:00:00,0.18135,0.04301666666666667,237.67749999999998,0.7583333333333333,0.0,0.0,11.796666666666665,0.18135
2026-01-11 00:00:00,0.15356666666666668,0.04061666666666666,238.14249999999998,0.6416666666666667,0.0,0.0,4.706666666666666,0.15356666666666668
2026-01-11 01:00:00,0.43506666666666666,0.05366666666666667,237.81433333333334,1.825,0.0,0.0,4.05,0.43506666666666666
2026-01-11 02:00:00,0.4273666666666667,0.0536,237.46466666666666,1.7950000000000002,0.0,0.0,3.7449999999999997,0.4273666666666667
2026-01-11 03:00:00,0.45348333333333335,0.0583,237.84833333333333,1.9083333333333334,0.0,0.0,3.9066666666666667,0.45348333333333335
2026-01-11 04:00:00,0.4403166666666667,0.06041666666666667,238.1405,1.855,0.0,0.0,3.9916666666666667,0.4403166666666667
2026-01-11 05:00:00,0.4185166666666667,0.05605,237.50283333333334,1.7583333333333333,0.0,0.0,4.056666666666667,0.4185166666666667
2026-01-11 06:00:00,0.6446333333333333,0.07781666666666666,238.0265,2.7133333333333334,0.0,0.0,3.9833333333333334,0.6446333333333333
2026-01-11 07:00:00,2.2777000000000003,0.27621666666666667,237.55783333333332,9.588333333333333,0.0,0.0,4.118333333333333,2.2777000000000003
2026-01-11 08:00:00,2.384,0.2910833333333333,237.118,10.055,8.543333333333333,0.0,3.8766666666666665,2.384
2026-01-11 09:00:00,2.4733,0.29464999999999997,236.56833333333333,10.46,0.0,0.0,4.025,2.4733
2026-01-11 10:00:00,1.0757166666666669,0.12895,238.21133333333333,4.513333333333334,0.0,23.733333333333334,3.8733333333333335,1.0757166666666669
2026-01-11 11:00:00,1.1264833333333333,0.13435,237.3585,4.748333333333333,0.0,24.51833333333333,4.075,1.1264833333333333
2026-01-11 12:00:00,1.1435833333333332,0.13293333333333332,237.0095,4.826666666666667,0.0,24.334999999999997,4.153333333333333,1.1435833333333332
2026-01-11 13:00:00,1.1198166666666665,0.13753333333333334,237.512,4.708333333333333,0.0,24.216666666666665,3.5316666666666667,1.1198166666666665
2026-01-11 14:00:00,1.0481500000000001,0.12106666666666667,237.49916666666667,4.416666666666667,0.0,24.14,12.361666666666668,1.0481500000000001
2026-01-11 15:00:00,0.98845,0.11456666666666666,238.00966666666667,4.163333333333333,0.0,0.0,12.313333333333333,0.98845
2026-01-11 16:00:00,0.9056166666666666,0.10853333333333334,237.72516666666667,3.8033333333333332,0.0,0.0,12.19,0.9056166666666666
2026-01-11 17:00:00,0.7610333333333333,0.09538333333333333,237.439,3.21,0.0,0.0,12.266666666666667,0.7610333333333333
2026-01-11 18:00:00,3.1256,0.3733333333333333,236.467,13.223333333333333,0.0,0.0,12.516666666666667,3.1256
2026-01-11 19:00:00,2.9524166666666667,0.3519833333333333,236.7985,12.473333333333333,0.0,0.0,12.131666666666666,2.9524166666666667
2026-01-11 20:00:00,2.85845,0.34595000000000004,236.14466666666667,12.106666666666666,13.798333333333334,0.0,11.935,2.85845
2026-01-11 21:00:00,2.76395,0.33116666666666666,236.35750000000002,11.7,0.0,0.0,12.116666666666667,2.76395
2026-01-11 22:00:00,2.6824833333333333,0.3201,236.62916666666666,11.336666666666668,0.0,0.0,11.911666666666667,2.6824833333333333
2026-01-11 23:00:00,0.18973333333333334,0.0445,237.74116666666666,0.7966666666666666,0.0,0.0,12.268333333333334,0.18973333333333334
2026-01-12 00:00:00,0.1469333333333333,0.04156666666666667,237.8805,0.6166666666666667,0.0,0.0,4.195,0.1469333333333333
2026-01-12 01:00:00,0.36519999999999997,0.051333333333333335,237.02983333333336,1.5466666666666666,0.0,0.0,3.3800000000000003,0.36519999999999997
2026-01-12 02:00:00,0.34865,0.05238333333333333,238.62833333333336,1.46,0.0,0.0,4.33,0.34865
2026-01-12 03:00:00,0.3219,0.04951666666666667,237.12933333333334,1.355,0.0,0.0,3.8466666666666667,0.3219
2026-01-12 04:00:00,0.3533833333333333,0.04936666666666667,237.93583333333333,1.4833333333333334,0.0,0.0,4.165,0.3533833333333333
2026-01-12 05:00:00,0.34825,0.05218333333333334,238.55816666666666,1.465,0.0,0.0,4.035,0.34825
2026-01-12 06:00:00,0.4889833333333333,0.06045,237.93116666666668,2.0533333333333332,0.0,0.0,3.825,0.4889833333333333
2026-01-12 07:00:00,1.8061,0.21355000000000002,236.67683333333335,7.636666666666667,0.0,0.0,3.725,1.8061
2026-01-12 08:00:00,1.9083833333333333,0.22346666666666665,236.61216666666667,8.063333333333334,9.213333333333333,0.0,3.9916666666666667,1.9083833333333333
2026-01-12 09:00:00,2.0067,0.23833333333333334,236.7445,8.481666666666666,0.0,0.0,4.196666666666667,2.0067
2026-01-12 10:00:00,0.8480000000000001,0.10341666666666667,237.58966666666666,3.566666666666667,0.0,0.0,4.14,0.8480000000000001
2026-01-12 11:00:00,0.8862,0.11111666666666667,237.61183333333335,3.7199999999999998,0.0,0.0,3.7666666666666666,0.8862
2026-01-12 12:00:00,0.89925,0.10915000000000001,238.26766666666666,3.768333333333333,0.0,0.0,4.108333333333333,0.89925
2026-01-12 13:00:00,0.8838666666666666,0.10426666666666667,238.00633333333332,3.71,0.0,0.0,4.319999999999999,0.8838666666666666
2026-01-12 14:00:00,0.8513833333333333,0.09903333333333333,237.81733333333335,3.5766666666666667,0.0,0.0,12.136666666666667,0.8513833333333333
2026-01-12 15:00:00,0.7721333333333333,0.09325,237.98116666666667,3.25,0.0,0.0,12.041666666666666,0.7721333333333333
2026-01-12 16:00:00,0.6841666666666666,0.0829,238.08233333333334,2.8666666666666667,0.0,0.0,11.703333333333335,0.6841666666666666
2026-01-12 17:00:00,0.6450833333333333,0.07778333333333333,237.57783333333333,2.7233333333333336,0.0,0.0,11.688333333333333,0.6450833333333333
2026-01-12 18:00:00,2.5196166666666664,0.30568333333333336,236.94983333333332,10.636666666666667,0.0,0.0,12.128333333333334,2.5196166666666664
2026-01-12 19:00:00,2.377933333333333,0.2814166666666667,236.54016666666666,10.055,0.0,0.0,11.645000000000001,2.377933333333333
2026-01-12 20:00:00,2.3184666666666667,0.27713333333333334,237.20133333333334,9.776666666666667,13.418333333333333,0.0,11.536666666666667,2.3184666666666667
2026-01-12 21:00:00,2.2377333333333334,0.2707333333333333,236.69766666666666,9.455,0.0,24.511666666666667,12.1,2.2377333333333334
2026-01-12 22:00:00,2.1626,0.25795,237.118,9.126666666666667,0.0,0.0,12.270000000000001,2.1626
2026-01-12 23:00:00,0.15688333333333335,0.04196666666666667,237.64716666666666,0.6616666666666667,0.0,0.0,11.918333333333333,0.15688333333333335
2026-01-13 00:00:00,0.16191666666666665,0.04106666666666667,237.9615,0.675,0.0,0.0,4.216666666666667,0.16191666666666665
2026-01-13 01:00:00,0.35996666666666666,0.04985,237.61749999999998,1.5133333333333332,0.0,0.0,4.025,0.35996666666666666
2026-01-13 02:00:00,0.35441666666666666,0.05223333333333333,237.56033333333335,1.4883333333333333,0.0,0.0,4.288333333333333,0.35441666666666666
2026-01-13 03:00:00,0.34186666666666665,0.04783333333333333,237.54466666666667,1.4333333333333333,0.0,0.0,4.113333333333333,0.34186666666666665
2026-01-13 04:00:00,0.3436166666666667,0.050216666666666666,238.12066666666666,1.4416666666666667,0.0,0.0,3.856666666666667,0.3436166666666667
2026-01-13 05:00:00,0.3406,0.050899999999999994,237.50283333333334,1.4283333333333335,0.0,0.0,4.306666666666667,0.3406
2026-01-13 06:00:00,0.509,0.06626666666666667,237.56783333333334,2.1416666666666666,0.0,0.0,4.343333333333334,0.509
2026-01-13 07:00:00,1.7944333333333333,0.2145,236.9851666666667,7.569999999999999,0.0,0.0,3.57,1.7944333333333333
2026-01-13 08:00:00,1.9201166666666665,0.23168333333333332,236.84166666666667,8.106666666666666,9.65,0.0,4.3933333333333335,1.9201166666666665
2026-01-13 09:00:00,1.96045,0.23248333333333332,237.20966666666666,8.261666666666667,0.0,0.0,3.8800000000000003,1.96045
2026-01-13 10:00:00,0.8747166666666666,0.10438333333333333,237.50516666666667,3.68,0.0,0.0,4.0183333333333335,0.8747166666666666
2026-01-13 11:00:00,0.8806499999999999,0.10678333333333333,237.35483333333335,3.7133333333333334,0.0,0.0,4.333333333333333,0.8806499999999999
2026-01-13 12:00:00,0.8926166666666667,0.10506666666666667,237.2345,3.7550000000000003,0.0,0.0,3.8883333333333336,0.8926166666666667
2026-01-13 13:00:00,0.8727666666666667,0.1082,237.3235,3.6766666666666667,0.0,0.0,3.9733333333333336,0.8727666666666667
2026-01-13 14:00:00,0.83245,0.10096666666666666,237.847,3.5,0.0,0.0,12.203333333333335,0.83245
2026-01-13 15:00:00,0.7786000000000001,0.09235,236.95499999999998,3.29,0.0,0.0,11.879999999999999,0.7786000000000001
2026-01-13 16:00:00,0.6889333333333333,0.08285000000000001,237.29366666666667,2.9050000000000002,0.0,0.0,12.24,0.6889333333333333
2026-01-13 17:00:00,0.5822666666666667,0.07566666666666667,237.82383333333334,2.4433333333333334,0.0,0.0,12.26,0.5822666666666667
2026-01-13 18:00:00,2.4809,0.30021666666666663,236.30866666666668,10.503333333333334,0.0,0.0,12.04,2.4809
2026-01-13 19:00:00,2.3870833333333334,0.2891333333333333,237.09483333333336,10.066666666666666,0.0,0.0,12.325,2.3870833333333334
2026-01-13 20:00:00,2.2879833333333335,0.27438333333333337,236.47033333333331,9.676666666666668,13.438333333333333,0.0,11.836666666666668,2.2879833333333335
2026-01-13 21:00:00,2.2089333333333334,0.26455,236.84266666666664,9.328333333333335,0.0,25.668333333333333,11.831666666666667,2.2089333333333334
2026-01-13 22:00:00,2.163816666666667,0.26038333333333336,236.66466666666665,9.145000000000001,0.0,0.0,11.766666666666667,2.163816666666667
2026-01-13 23:00:00,0.16626666666666665,0.04328333333333333,238.04683333333332,0.6950000000000001,0.0,0.0,12.081666666666667,0.16626666666666665
2026-01-14 00:00:00,0.15885000000000002,0.04168333333333333,237.77383333333333,0.6616666666666667,0.0,0.0,4.553333333333333,0.15885000000000002
2026-01-14 01:00:00,0.35708333333333336,0.049633333333333335,237.8118333333333,1.4983333333333335,0.0,0.0,3.8266666666666667,0.35708333333333336
2026-01-14 02:00:00,0.34458333333333335,0.04923333333333334,238.13583333333332,1.4549999999999998,0.0,0.0,4.15,0.34458333333333335
2026-01-14 03:00:00,0.36748333333333333,0.05088333333333333,237.89266666666666,1.5516666666666665,0.0,0.0,4.116666666666666,0.36748333333333333
2026-01-14 04:00:00,0.3282166666666667,0.05083333333333333,237.264,1.3816666666666668,0.0,0.0,3.9616666666666664,0.3282166666666667
2026-01-14 05:00:00,0.35218333333333335,0.04961666666666666,237.7365,1.4849999999999999,0.0,0.0,4.15,0.35218333333333335
2026-01-14 06:00:00,0.5404166666666667,0.06709999999999999,237.59116666666665,2.27,0.0,0.0,3.7866666666666666,0.5404166666666667
2026-01-14 07:00:00,1.8021666666666667,0.21341666666666667,237.1171666666667,7.6,0.0,0.0,4.131666666666667,1.8021666666666667
2026-01-14 08:00:00,1.8816333333333333,0.22163333333333332,237.1115,7.931666666666667,8.905,0.0,3.7416666666666667,1.8816333333333333
2026-01-14 09:00:00,1.96675,0.23578333333333334,237.24233333333333,8.291666666666666,0.0,0.0,3.96,1.96675
2026-01-14 10:00:00,0.8641666666666666,0.09928333333333333,237.81583333333336,3.6366666666666663,0.0,0.0,4.003333333333333,0.8641666666666666
2026-01-14 11:00:00,0.9062333333333333,0.10425,236.9875,3.8266666666666667,0.0,0.0,3.8533333333333335,0.9062333333333333
2026-01-14 12:00:00,0.9084666666666668,0.10708333333333334,237.8185,3.8216666666666668,0.0,0.0,4.423333333333333,0.9084666666666668
2026-01-14 13:00:00,0.8443166666666666,0.10475,237.4355,3.558333333333333,0.0,0.0,3.868333333333333,0.8443166666666666
2026-01-14 14:00:00,0.852,0.09816666666666667,237.28900000000002,3.5949999999999998,0.0,0.0,11.913333333333332,0.852
2026-01-14 15:00:00,0.8207666666666668,0.0972,237.7061666666667,3.455,0.0,0.0,11.623333333333333,0.8207666666666668
2026-01-14 16:00:00,0.67325,0.07963333333333335,237.10533333333333,2.8383333333333334,0.0,0.0,11.583333333333334,0.67325
2026-01-14 17:00:00,0.597,0.07331666666666667,237.92983333333333,2.5133333333333336,0.0,0.0,12.225,0.597
2026-01-14 18:00:00,2.4900666666666664,0.29483333333333334,236.79933333333332,10.511666666666667,0.0,0.0,11.896666666666667,2.4900666666666664
2026-01-14 19:00:00,2.3879666666666663,0.28680000000000005,236.50050000000002,10.101666666666667,0.0,0.0,11.806666666666667,2.3879666666666663
2026-01-14 20:00:00,2.3322166666666666,0.27741666666666664,237.03383333333335,9.836666666666668,13.915,0.0,11.878333333333334,2.3322166666666666
2026-01-14 21:00:00,2.206166666666667,0.26331666666666664,237.12983333333335,9.311666666666667,0.0,24.44333333333333,12.446666666666665,2.206166666666667
2026-01-14 22:00:00,2.1305,0.2534,236.87266666666667,8.99,0.0,0.0,12.055,2.1305
2026-01-14 23:00:00,0.1558,0.041433333333333336,238.04033333333334,0.6549999999999999,0.0,0.0,11.995000000000001,0.1558
2026-01-15 00:00:00,0.16378333333333334,0.04145,238.19333333333333,0.6866666666666668,0.0,0.0,4.026666666666666,0.16378333333333334
2026-01-15 01:00:00,0.3421666666666667,0.04766666666666666,237.70200000000003,1.4366666666666668,0.0,0.0,3.81,0.3421666666666667
2026-01-15 02:00:00,0.3528,0.05311666666666667,238.12416666666667,1.4833333333333334,0.0,0.0,3.643333333333333,0.3528
2026-01-15 03:00:00,0.34568333333333334,0.05018333333333334,237.87933333333334,1.4533333333333334,0.0,0.0,3.8666666666666667,0.34568333333333334
2026-01-15 04:00:00,0.3396166666666666,0.04928333333333333,237.523,1.43,0.0,0.0,3.9166666666666665,0.3396166666666666
2026-01-15 05:00:00,0.33088333333333336,0.051283333333333334,238.14183333333332,1.3900000000000001,0.0,0.0,3.896666666666667,0.33088333333333336
2026-01-15 06:00:00,0.4943666666666667,0.05965,237.7515,2.08,0.0,0.0,3.7516666666666665,0.4943666666666667
2026-01-15 07:00:00,1.8100833333333335,0.21643333333333334,236.62916666666666,7.645,0.0,0.0,3.8183333333333334,1.8100833333333335
2026-01-15 08:00:00,1.894,0.22571666666666668,237.3336666666667,7.9816666666666665,9.376666666666667,0.0,3.6883333333333335,1.894
2026-01-15 09:00:00,2.0216333333333334,0.24516666666666667,236.74783333333335,8.546666666666665,0.0,0.0,3.941666666666667,2.0216333333333334
2026-01-15 10:00:00,0.8390500000000001,0.10171666666666666,237.17816666666667,3.5383333333333336,0.0,0.0,3.8366666666666664,0.8390500000000001
2026-01-15 11:00:00,0.8972166666666667,0.1085,237.6171666666667,3.7766666666666664,0.0,0.0,4.276666666666667,0.8972166666666667
2026-01-15 12:00:00,0.93245,0.10636666666666666,237.13250000000002,3.935,0.0,0.0,4.128333333333333,0.93245
2026-01-15 13:00:00,0.8706166666666667,0.10703333333333333,236.95583333333335,3.6766666666666667,0.0,0.0,3.8016666666666667,0.8706166666666667
2026-01-15 14:00:00,0.85655,0.10388333333333333,237.2435,3.61,0.0,0.0,11.336666666666668,0.85655
2026-01-15 15:00:00,0.8077500000000001,0.09906666666666666,237.49099999999999,3.4050000000000002,0.0,0.0,12.493333333333334,0.8077500000000001
2026-01-15 16:00:00,0.69955,0.08248333333333333,237.8665,2.94,0.0,0.0,11.941666666666666,0.69955
2026-01-15 17:00:00,0.6043833333333333,0.07681666666666667,238.0258333333333,2.533333333333333,0.0,0.0,12.316666666666666,0.6043833333333333
2026-01-15 18:00:00,2.5142333333333338,0.29968333333333336,237.20333333333335,10.601666666666667,0.0,0.0,12.093333333333334,2.5142333333333338
2026-01-15 19:00:00,2.390733333333333,0.2872,236.58849999999998,10.103333333333333,0.0,0.0,12.048333333333334,2.390733333333333
2026-01-15 20:00:00,2.3050333333333333,0.2743333333333334,237.15616666666668,9.718333333333334,13.389999999999999,0.0,11.841666666666667,2.3050333333333333
2026-01-15 21:00:00,2.222083333333333,0.2674,236.71483333333333,9.388333333333332,0.0,24.558333333333334,12.501666666666667,2.222083333333333
2026-01-15 22:00:00,2.1216333333333335,0.25465,236.67216666666667,8.965,0.0,0.0,12.121666666666666,2.1216333333333335
2026-01-15 23:00:00,0.1588,0.04123333333333334,238.01566666666668,0.67,0.0,0.0,12.110000000000001,0.1588
2026-01-16 00:00:00,0.16943333333333335,0.04116666666666667,238.13583333333332,0.7066666666666667,0.0,0.0,4.498333333333333,0.16943333333333335
2026-01-16 01:00:00,0.3678,0.052983333333333334,238.47816666666668,1.54,0.0,0.0,3.9916666666666667,0.3678
2026-01-16 02:00:00,0.34855,0.05101666666666667,238.12616666666665,1.4683333333333333,0.0,0.0,4.251666666666667,0.34855
2026-01-16 03:00:00,0.33008333333333334,0.05111666666666667,238.25,1.385,0.0,0.0,3.8916666666666666,0.33008333333333334
2026-01-16 04:00:00,0.3351166666666667,0.0548,237.76016666666666,1.4016666666666666,0.0,0.0,4.3149999999999995,0.3351166666666667
2026-01-16 05:00:00,0.34268333333333334,0.05065,237.69016666666667,1.4416666666666667,0.0,0.0,3.621666666666667,0.34268333333333334
2026-01-16 06:00:00,0.49005,0.06358333333333334,237.5565,2.06,0.0,0.0,4.611666666666666,0.49005
2026-01-16 07:00:00,1.81775,0.21816666666666668,237.28833333333333,7.661666666666666,0.0,0.0,4.135,1.81775
2026-01-16 08:00:00,1.9024833333333333,0.2279,237.20499999999998,8.013333333333334,9.333333333333334,0.0,4.151666666666666,1.9024833333333333
2026-01-16 09:00:00,1.9775833333333332,0.23600000000000002,237.07483333333332,8.34,0.0,0.0,3.805,1.9775833333333332
2026-01-16 10:00:00,0.8452333333333333,0.10466666666666667,237.94083333333336,3.545,0.0,0.0,3.555,0.8452333333333333
2026-01-16 11:00:00,0.8971333333333333,0.10835,237.29433333333333,3.7800000000000002,0.0,0.0,4.318333333333333,0.8971333333333333
2026-01-16 12:00:00,0.8985666666666667,0.10881666666666666,237.98950000000002,3.7800000000000002,0.0,0.0,3.8583333333333334,0.8985666666666667
2026-01-16 13:00:00,0.8908,0.10985,237.5965,3.753333333333333,0.0,0.0,4.201666666666666,0.8908
2026-01-16 14:00:00,0.8449833333333333,0.10046666666666668,237.38366666666667,3.56,0.0,0.0,12.206666666666667,0.8449833333333333
2026-01-16 15:00:00,0.7837999999999999,0.09385,237.4586666666667,3.3033333333333332,0.0,0.0,11.628333333333334,0.7837999999999999
2026-01-16 16:00:00,0.6919833333333333,0.08463333333333334,237.6985,2.9099999999999997,0.0,0.0,11.311666666666667,0.6919833333333333
2026-01-16 17:00:00,0.6388833333333334,0.07815,237.21716666666669,2.6933333333333334,0.0,0.0,12.315,0.6388833333333334
2026-01-16 18:00:00,2.4938333333333333,0.30145,236.99949999999998,10.520000000000001,0.0,0.0,11.958333333333334,2.4938333333333333
2026-01-16 19:00:00,2.3962166666666667,0.28508333333333336,235.88466666666667,10.153333333333334,0.0,0.0,12.056666666666667,2.3962166666666667
2026-01-16 20:00:00,2.2956833333333333,0.27291666666666664,237.0065,9.688333333333333,12.860000000000001,0.0,12.506666666666666,2.2956833333333333
2026-01-16 21:00:00,2.2022,0.2611833333333333,237.00283333333334,9.3,0.0,24.65,11.958333333333334,2.2022
2026-01-16 22:00:00,2.1620166666666667,0.26315,237.19050000000001,9.121666666666666,0.0,0.0,11.95,2.1620166666666667
2026-01-16 23:00:00,0.16255,0.041466666666666666,238.149,0.6799999999999999,0.0,0.0,11.611666666666668,0.16255
2026-01-17 00:00:00,0.16843333333333332,0.044033333333333334,238.12416666666667,0.7033333333333334,0.0,0.0,4.071666666666667,0.16843333333333332
2026-01-17 01:00:00,0.44588333333333335,0.057216666666666666,237.6185,1.8816666666666668,0.0,0.0,3.9366666666666665,0.44588333333333335
2026-01-17 02:00:00,0.446,0.0592,237.98083333333335,1.8666666666666667,0.0,0.0,4.573333333333333,0.446
2026-01-17 03:00:00,0.45175,0.05831666666666667,237.96833333333333,1.8916666666666666,0.0,0.0,3.945,0.45175
2026-01-17 04:00:00,0.42655,0.056100000000000004,237.62550000000002,1.8,0.0,0.0,3.9683333333333333,0.42655
2026-01-17 05:00:00,0.42726666666666663,0.05505,237.63933333333335,1.805,0.0,0.0,4.495,0.42726666666666663
2026-01-17 06:00:00,0.6335333333333334,0.07798333333333334,238.15583333333333,2.6599999999999997,0.0,0.0,4.16,0.6335333333333334
2026-01-17 07:00:00,2.2426833333333334,0.26765,237.3563333333333,9.451666666666666,0.0,0.0,4.131666666666667,2.2426833333333334
2026-01-17 08:00:00,2.376183333333333,0.28051666666666664,235.96616666666665,10.07,8.973333333333333,0.0,4.006666666666667,2.376183333333333
2026-01-17 09:00:00,2.4829,0.2962166666666667,236.30216666666666,10.51,0.0,0.0,4.235,2.4829
2026-01-17 10:00:00,1.0597666666666667,0.1266,237.27966666666669,4.471666666666667,0.0,24.78666666666667,3.7933333333333334,1.0597666666666667
2026-01-17 11:00:00,1.1208666666666667,0.1412,237.40116666666665,4.723333333333333,0.0,24.673333333333336,4.278333333333333,1.1208666666666667
2026-01-17 12:00:00,1.1032333333333333,0.13018333333333335,237.96233333333333,4.641666666666667,0.0,24.60666666666667,4.093333333333333,1.1032333333333333
2026-01-17 13:00:00,1.1154166666666667,0.13438333333333335,237.72916666666666,4.6866666666666665,0.0,26.001666666666665,3.8916666666666666,1.1154166666666667
2026-01-17 14:00:00,1.0514166666666667,0.12731666666666666,237.03583333333333,4.4399999999999995,0.0,27.078333333333333,12.281666666666666,1.0514166666666667
2026-01-17 15:00:00,0.9670833333333333,0.11549999999999999,237.36433333333335,4.076666666666666,0.0,0.0,11.75,0.9670833333333333
2026-01-17 16:00:00,0.8646666666666667,0.10508333333333333,237.3195,3.6416666666666666,0.0,0.0,12.581666666666667,0.8646666666666667
2026-01-17 17:00:00,0.7512666666666666,0.08776666666666667,237.2945,3.1683333333333334,0.0,0.0,11.735000000000001,0.7512666666666666
2026-01-17 18:00:00,3.1380333333333335,0.37565000000000004,236.85233333333332,13.248333333333333,0.0,0.0,12.401666666666667,3.1380333333333335
2026-01-17 19:00:00,2.9656666666666665,0.35086666666666666,236.50416666666666,12.541666666666666,0.0,0.0,12.081666666666667,2.9656666666666665
2026-01-17 20:00:00,2.898,0.35018333333333335,236.39766666666668,12.256666666666666,13.381666666666666,0.0,11.766666666666667,2.898
2026-01-17 21:00:00,2.768866666666667,0.33533333333333337,236.52349999999998,11.705,0.0,0.0,11.923333333333334,2.768866666666667
2026-01-17 22:00:00,2.686583333333333,0.3249166666666667,236.88916666666668,11.341666666666667,0.0,0.0,11.368333333333334,2.686583333333333
2026-01-17 23:00:00,0.17859999999999998,0.044083333333333335,238.176,0.745,0.0,0.0,11.863333333333333,0.17859999999999998
2026-01-18 00:00:00,0.15326666666666666,0.04126666666666667,238.02100000000002,0.6383333333333333,0.0,0.0,4.069999999999999,0.15326666666666666
2026-01-18 01:00:00,0.42888333333333334,0.054516666666666665,238.10583333333335,1.7983333333333333,0.0,0.0,4.3133333333333335,0.42888333333333334
2026-01-18 02:00:00,0.42801666666666666,0.05595000000000001,238.29533333333333,1.7933333333333332,0.0,0.0,3.7616666666666663,0.42801666666666666
2026-01-18 03:00:00,0.4294333333333333,0.0557,237.82233333333335,1.8099999999999998,0.0,0.0,4.023333333333333,0.4294333333333333
2026-01-18 04:00:00,0.4343166666666667,0.0569,237.9595,1.8233333333333335,0.0,0.0,4.111666666666666,0.4343166666666667
2026-01-18 05:00:00,0.4533833333333333,0.0591,238.29583333333332,1.9,0.0,0.0,3.955,0.4533833333333333
2026-01-18 06:00:00,0.6258166666666667,0.07585,237.5135,2.6416666666666666,0.0,0.0,4.09,0.6258166666666667
2026-01-18 07:00:00,2.2511666666666668,0.27158333333333334,236.9425,9.504999999999999,0.0,0.0,4.29,2.2511666666666668
2026-01-18 08:00:00,2.3840999999999997,0.28099999999999997,236.99099999999999,10.061666666666667,9.498333333333333,0.0,3.8466666666666667,2.3840999999999997
2026-01-18 09:00:00,2.478933333333333,0.29440000000000005,236.68449999999999,10.478333333333333,0.0,0.0,3.453333333333333,2.478933333333333
2026-01-18 10:00:00,1.0638333333333334,0.12793333333333334,237.567,4.48,0.0,23.705,3.7816666666666667,1.0638333333333334
2026-01-18 11:00:00,1.10385,0.13256666666666667,237.41533333333334,4.651666666666667,0.0,25.235,4.133333333333334,1.10385
2026-01-18 12:00:00,1.0827333333333333,0.12905,236.99183333333335,4.566666666666666,0.0,24.709999999999997,4.043333333333333,1.0827333333333333
2026-01-18 13:00:00,1.1164333333333334,0.12936666666666669,236.7405,4.713333333333334,0.0,26.14,3.9683333333333333,1.1164333333333334
2026-01-18 14:00:00,1.0778,0.1319833333333333,237.49200000000002,4.545,0.0,25.255,11.66,1.0778
2026-01-18 15:00:00,0.99055,0.12025,237.50750000000002,4.171666666666667,0.0,0.0,12.186666666666667,0.99055
2026-01-18 16:00:00,0.86715,0.09866666666666667,237.2075,3.665,0.0,0.0,11.948333333333332,0.86715
2026-01-18 17:00:00,0.7643166666666666,0.09883333333333333,237.19433333333333,3.2183333333333333,0.0,0.0,11.845,0.7643166666666666
2026-01-18 18:00:00,3.1512000000000002,0.3794166666666667,236.22433333333336,13.345,0.0,0.0,12.283333333333333,3.1512000000000002
2026-01-18 19:00:00,3.0046833333333334,0.35751666666666665,237.0095,12.678333333333335,0.0,0.0,11.72,3.0046833333333334
2026-01-18 20:00:00,2.83865,0.33935,236.57150000000001,12.003333333333334,12.923333333333334,0.0,11.918333333333333,2.83865
2026-01-18 21:00:00,2.7571833333333333,0.3295,236.95816666666667,11.643333333333334,0.0,0.0,11.696666666666665,2.7571833333333333
2026-01-18 22:00:00,2.686716666666667,0.3219666666666667,236.47166666666666,11.363333333333333,0.0,0.0,11.968333333333334,2.686716666666667
2026-01-18 23:00:00,0.1673333333333333,0.0416,237.86816666666667,0.7016666666666667,0.0,0.0,11.911666666666667,0.1673333333333333
2026-01-19 00:00:00,0.15725,0.04218333333333334,237.59366666666668,0.6583333333333333,0.0,0.0,4.194999999999999,0.15725
2026-01-19 01:00:00,0.3485333333333333,0.04778333333333333,238.2165,1.4583333333333333,0.0,0.0,4.413333333333333,0.3485333333333333
2026-01-19 02:00:00,0.34025,0.05053333333333333,237.69983333333332,1.43,0.0,0.0,4.363333333333333,0.34025
2026-01-19 03:00:00,0.35446666666666665,0.05436666666666667,237.89816666666667,1.4816666666666667,0.0,0.0,4.211666666666667,0.35446666666666665
2026-01-19 04:00:00,0.3527166666666667,0.04933333333333333,238.11766666666665,1.4766666666666666,0.0,0.0,4.263333333333334,0.3527166666666667
2026-01-19 05:00:00,0.3278,0.05046666666666667,237.595,1.3866666666666667,0.0,0.0,3.71,0.3278
2026-01-19 06:00:00,0.49576666666666663,0.06075,237.89733333333334,2.0833333333333335,0.0,0.0,4.045,0.49576666666666663
2026-01-19 07:00:00,1.8198333333333332,0.22118333333333334,236.91583333333335,7.680000000000001,0.0,0.0,4.1466666666666665,1.8198333333333332
2026-01-19 08:00:00,1.8640333333333332,0.228,237.26316666666668,7.855,8.925,0.0,3.481666666666667,1.8640333333333332
2026-01-19 09:00:00,1.9695666666666667,0.23368333333333335,237.34949999999998,8.293333333333333,0.0,0.0,3.966666666666667,1.9695666666666667
2026-01-19 10:00:00,0.81225,0.10163333333333333,238.42000000000002,3.4066666666666667,0.0,0.0,3.935,0.81225
2026-01-19 11:00:00,0.8713,0.10711666666666667,237.88666666666668,3.6599999999999997,0.0,0.0,4.155,0.8713
2026-01-19 12:00:00,0.8936,0.10545,237.07516666666666,3.768333333333333,0.0,0.0,3.9133333333333336,0.8936
2026-01-19 13:00:00,0.8959833333333334,0.1094,237.61633333333333,3.771666666666667,0.0,0.0,3.8449999999999998,0.8959833333333334
2026-01-19 14:00:00,0.8616833333333334,0.10379999999999999,237.45883333333333,3.625,0.0,0.0,11.881666666666666,0.8616833333333334
2026-01-19 15:00:00,0.78495,0.0935,237.60666666666665,3.3016666666666667,0.0,0.0,11.895000000000001,0.78495
2026-01-19 16:00:00,0.7044333333333334,0.08258333333333333,238.05249999999998,2.9566666666666666,0.0,0.0,11.848333333333333,0.7044333333333334
2026-01-19 17:00:00,0.6162500000000001,0.06973333333333334,237.34416666666667,2.5983333333333336,0.0,0.0,12.110000000000001,0.6162500000000001
2026-01-19 18:00:00,2.513116666666667,0.30210000000000004,236.8311666666667,10.606666666666666,0.0,0.0,12.243333333333334,2.513116666666667
2026-01-19 19:00:00,2.4137,0.2875833333333333,237.38783333333333,10.171666666666665,0.0,0.0,12.101666666666667,2.4137
2026-01-19 20:00:00,2.2950999999999997,0.27405,237.14333333333335,9.676666666666668,13.573333333333332,0.0,12.648333333333333,2.2950999999999997
2026-01-19 21:00:00,2.2091333333333334,0.2670833333333333,236.7885,9.32,0.0,24.461666666666666,12.120000000000001,2.2091333333333334
2026-01-19 22:00:00,2.1689999999999996,0.25865,236.7105,9.165,0.0,0.0,12.341666666666667,2.1689999999999996
2026-01-19 23:00:00,0.17766666666666667,0.043166666666666666,237.4935,0.7483333333333333,0.0,0.0,12.328333333333335,0.17766666666666667
2026-01-20 00:00:00,0.15473333333333333,0.04108333333333333,238.06233333333333,0.6516666666666667,0.0,0.0,4.395,0.15473333333333333
2026-01-20 01:00:00,0.3553,0.05173333333333333,238.06716666666668,1.4916666666666667,0.0,0.0,3.7116666666666664,0.3553
2026-01-20 02:00:00,0.34245000000000003,0.04996666666666667,237.36316666666667,1.4416666666666667,0.0,0.0,3.8866666666666663,0.34245000000000003
2026-01-20 03:00:00,0.34395000000000003,0.05065,237.2175,1.4433333333333331,0.0,0.0,4.42,0.34395000000000003
2026-01-20 04:00:00,0.35051666666666664,0.0513,237.33283333333333,1.4766666666666666,0.0,0.0,4.16,0.35051666666666664
2026-01-20 05:00:00,0.3450833333333333,0.05226666666666667,237.99183333333335,1.4483333333333335,0.0,0.0,4.135,0.3450833333333333
2026-01-20 06:00:00,0.517,0.06331666666666666,237.5465,2.175,0.0,0.0,4.161666666666666,0.517
2026-01-20 07:00:00,1.8142333333333334,0.21534999999999999,236.737,7.67,0.0,0.0,3.953333333333333,1.8142333333333334
2026-01-20 08:00:00,1.9334333333333333,0.23158333333333334,237.68800000000002,8.136666666666667,8.276666666666667,0.0,4.006666666666667,1.9334333333333333
2026-01-20 09:00:00,1.9983333333333335,0.23773333333333332,237.2235,8.421666666666667,0.0,0.0,4.510000000000001,1.9983333333333335
2026-01-20 10:00:00,0.8402499999999999,0.10285000000000001,237.76083333333332,3.5316666666666667,0.0,0.0,4.083333333333333,0.8402499999999999
2026-01-20 11:00:00,0.8817333333333334,0.10701666666666668,237.37533333333334,3.7133333333333334,0.0,0.0,3.893333333333333,0.8817333333333334
2026-01-20 12:00:00,0.8890166666666667,0.10551666666666668,238.40316666666666,3.731666666666667,0.0,0.0,3.4516666666666667,0.8890166666666667
2026-01-20 13:00:00,0.8813666666666666,0.10661666666666667,237.69916666666668,3.71,0.0,0.0,4.19,0.8813666666666666
2026-01-20 14:00:00,0.8368833333333333,0.09636666666666667,237.55916666666664,3.521666666666667,0.0,0.0,12.153333333333334,0.8368833333333333
2026-01-20 15:00:00,0.7554166666666667,0.09106666666666667,237.46216666666666,3.1766666666666667,0.0,0.0,12.361666666666668,0.7554166666666667
2026-01-20 16:00:00,0.67065,0.08083333333333333,237.68983333333333,2.8233333333333333,0.0,0.0,12.26,0.67065
2026-01-20 17:00:00,0.59605,0.07056666666666667,237.60466666666667,2.5050000000000003,0.0,0.0,11.873333333333333,0.59605
2026-01-20 18:00:00,2.5010833333333333,0.30124999999999996,236.65633333333332,10.566666666666666,0.0,0.0,12.276666666666667,2.5010833333333333
2026-01-20 19:00:00,2.3976333333333333,0.2891,236.75916666666666,10.129999999999999,0.0,0.0,12.001666666666667,2.3976333333333333
2026-01-20 20:00:00,2.27655,0.2712833333333334,237.18716666666666,9.6,13.261666666666667,0.0,12.376666666666667,2.27655
2026-01-20 21:00:00,2.193766666666667,0.26343333333333335,237.01083333333332,9.253333333333334,0.0,24.665000000000003,12.1,2.193766666666667
2026-01-20 22:00:00,2.166933333333333,0.259,236.6695,9.151666666666667,0.0,0.0,11.911666666666667,2.166933333333333
2026-01-20 23:00:00,0.1585,0.041883333333333335,237.6695,0.6666666666666666,0.0,0.0,11.958333333333334,0.1585
2026-01-21 00:00:00,0.15894999999999998,0.041666666666666664,238.42066666666668,0.66,0.0,0.0,3.665,0.15894999999999998
2026-01-21 01:00:00,0.3243,0.048233333333333336,237.65416666666667,1.365,0.0,0.0,4.048333333333334,0.3243
2026-01-21 02:00:00,0.34021666666666667,0.04763333333333333,238.56199999999998,1.4233333333333333,0.0,0.0,3.9433333333333334,0.34021666666666667
2026-01-21 03:00:00,0.3655666666666667,0.051283333333333334,237.87066666666666,1.535,0.0,0.0,4.218333333333333,0.3655666666666667
2026-01-21 04:00:00,0.35145,0.05146666666666667,237.55033333333333,1.4733333333333334,0.0,0.0,4.418333333333334,0.35145
2026-01-21 05:00:00,0.3125666666666667,0.04816666666666667,237.95083333333332,1.3099999999999998,0.0,0.0,4.015,0.3125666666666667
2026-01-21 06:00:00,0.5250333333333334,0.06476666666666667,237.10183333333333,2.21,0.0,0.0,4.1866666666666665,0.5250333333333334
2026-01-21 07:00:00,1.7998166666666668,0.21253333333333335,237.5618333333333,7.581666666666666,0.0,0.0,4.258333333333334,1.7998166666666668
2026-01-21 08:00:00,1.8961833333333333,0.2277,237.225,7.995,9.19,0.0,3.945,1.8961833333333333
2026-01-21 09:00:00,1.9637166666666668,0.23526666666666665,237.41049999999998,8.283333333333333,0.0,0.0,4.048333333333334,1.9637166666666668
2026-01-21 10:00:00,0.8259833333333333,0.10163333333333333,237.59516666666667,3.48,0.0,0.0,3.39,0.8259833333333333
2026-01-21 11:00:00,0.91595,0.10895,237.71666666666667,3.855,0.0,0.0,3.3466666666666667,0.91595
2026-01-21 12:00:00,0.8836999999999999,0.10835,236.93066666666667,3.731666666666667,0.0,0.0,3.9650000000000003,0.8836999999999999
2026-01-21 13:00:00,0.8968833333333334,0.10335,236.95033333333333,3.7800000000000002,0.0,0.0,4.510000000000001,0.8968833333333334
2026-01-21 14:00:00,0.8241166666666667,0.09583333333333334,237.73433333333332,3.466666666666667,0.0,0.0,12.666666666666666,0.8241166666666667
2026-01-21 15:00:00,0.7644166666666667,0.09148333333333333,237.70166666666668,3.216666666666667,0.0,0.0,12.31,0.7644166666666667
2026-01-21 16:00:00,0.6926166666666667,0.07831666666666666,237.38083333333333,2.9166666666666665,0.0,0.0,11.953333333333335,0.6926166666666667
2026-01-21 17:00:00,0.5928166666666667,0.07283333333333333,238.23283333333333,2.4833333333333334,0.0,0.0,12.376666666666667,0.5928166666666667
2026-01-21 18:00:00,2.533916666666667,0.30561666666666665,236.197,10.726666666666667,0.0,0.0,11.381666666666666,2.533916666666667
2026-01-21 19:00:00,2.3958166666666667,0.286,237.1865,10.098333333333333,0.0,0.0,11.870000000000001,2.3958166666666667
2026-01-21 20:00:00,2.3137166666666666,0.2767833333333333,237.0865,9.758333333333333,13.226666666666667,0.0,12.34,2.3137166666666666
2026-01-21 21:00:00,2.2281166666666667,0.2670333333333333,236.95033333333333,9.405,0.0,25.051666666666666,11.723333333333333,2.2281166666666667
2026-01-21 22:00:00,2.1754499999999997,0.26486666666666664,236.58666666666667,9.2,0.0,0.0,11.93,2.1754499999999997
2026-01-21 23:00:00,0.1696,0.04415,238.31,0.7133333333333333,0.0,0.0,11.588333333333333,0.1696
2026-01-22 00:00:00,0.16519999999999999,0.04301666666666667,238.165,0.6883333333333332,0.0,0.0,4.456666666666666,0.16519999999999999
2026-01-22 01:00:00,0.3514833333333333,0.05045,238.061,1.475,0.0,0.0,4.166666666666667,0.3514833333333333
2026-01-22 02:00:00,0.3494333333333334,0.056433333333333335,238.08166666666665,1.4666666666666666,0.0,0.0,3.921666666666667,0.3494333333333334
2026-01-22 03:00:00,0.35736666666666667,0.051383333333333336,238.42066666666668,1.5,0.0,0.0,4.383333333333334,0.35736666666666667
2026-01-22 04:00:00,0.35609999999999997,0.05026666666666667,237.50716666666668,1.4983333333333335,0.0,0.0,4.1033333333333335,0.35609999999999997
2026-01-22 05:00:00,0.33918333333333334,0.050699999999999995,238.12616666666665,1.43,0.0,0.0,4.223333333333334,0.33918333333333334
2026-01-22 06:00:00,0.53825,0.06666666666666667,237.77383333333333,2.2666666666666666,0.0,0.0,4.125,0.53825
2026-01-22 07:00:00,1.7944333333333333,0.21600000000000003,236.30200000000002,7.595,0.0,0.0,4.251666666666667,1.7944333333333333
2026-01-22 08:00:00,1.9197166666666665,0.22876666666666667,236.81166666666667,8.106666666666666,9.145000000000001,0.0,4.056666666666667,1.9197166666666665
2026-01-22 09:00:00,1.9781833333333334,0.23858333333333331,237.196,8.336666666666666,0.0,0.0,4.158333333333333,1.9781833333333334
2026-01-22 10:00:00,0.8307333333333333,0.10216666666666667,237.66516666666666,3.496666666666667,0.0,0.0,3.9166666666666665,0.8307333333333333
2026-01-22 11:00:00,0.89305,0.10683333333333334,237.7335,3.753333333333333,0.0,0.0,4.05,0.89305
2026-01-22 12:00:00,0.8855833333333333,0.10895,237.7125,3.725,0.0,0.0,3.953333333333333,0.8855833333333333
2026-01-22 13:00:00,0.88205,0.10654999999999999,237.0881666666667,3.7216666666666667,0.0,0.0,3.8916666666666666,0.88205
2026-01-22 14:00:00,0.8199333333333333,0.09528333333333333,237.13816666666668,3.453333333333333,0.0,0.0,11.811666666666667,0.8199333333333333
2026-01-22 15:00:00,0.7969833333333334,0.09585,237.8115,3.35,0.0,0.0,11.786666666666667,0.7969833333333334
2026-01-22 16:00:00,0.7066333333333333,0.08318333333333333,237.51516666666666,2.975,0.0,0.0,12.2,0.7066333333333333
2026-01-22 17:00:00,0.6098833333333334,0.07401666666666666,237.71216666666666,2.558333333333333,0.0,0.0,12.076666666666666,0.6098833333333334
2026-01-22 18:00:00,2.5075,0.30258333333333337,237.02599999999998,10.576666666666666,0.0,0.0,12.546666666666665,2.5075
2026-01-22 19:00:00,2.4031833333333332,0.2857166666666667,236.12233333333333,10.176666666666668,0.0,0.0,12.446666666666665,2.4031833333333332
2026-01-22 20:00:00,2.3149,0.28363333333333335,236.22850000000003,9.8,13.476666666666667,0.0,12.456666666666667,2.3149
2026-01-22 21:00:00,2.23355,0.2666,236.88616666666667,9.433333333333334,0.0,25.013333333333332,11.998333333333333,2.23355
2026-01-22 22:00:00,2.1462166666666667,0.25651666666666667,236.41733333333335,9.076666666666666,0.0,0.0,11.745000000000001,2.1462166666666667
2026-01-22 23:00:00,0.15664999999999998,0.04176666666666667,237.95316666666668,0.6583333333333333,0.0,0.0,12.108333333333333,0.15664999999999998
2026-01-23 00:00:00,0.16673333333333332,0.04296666666666667,238.066,0.7,0.0,0.0,4.036666666666666,0.16673333333333332
2026-01-23 01:00:00,0.3606166666666667,0.05238333333333334,237.80233333333334,1.5133333333333332,0.0,0.0,3.9,0.3606166666666667
2026-01-23 02:00:00,0.35206666666666664,0.05183333333333333,237.34466666666668,1.4866666666666668,0.0,0.0,3.8066666666666666,0.35206666666666664
2026-01-23 03:00:00,0.35375,0.049716666666666666,237.71683333333334,1.4866666666666668,0.0,0.0,4.255,0.35375
2026-01-23 04:00:00,0.3664833333333333,0.051816666666666664,237.22533333333334,1.5483333333333333,0.0,0.0,4.346666666666667,0.3664833333333333
2026-01-23 05:00:00,0.35269999999999996,0.05098333333333334,237.218,1.4883333333333333,0.0,0.0,4.24,0.35269999999999996
2026-01-23 06:00:00,0.49566666666666664,0.06278333333333333,237.66416666666666,2.091666666666667,0.0,0.0,4.183333333333334,0.49566666666666664
2026-01-23 07:00:00,1.79315,0.21843333333333334,237.24316666666667,7.5633333333333335,0.0,0.0,3.908333333333333,1.79315
2026-01-23 08:00:00,1.9084666666666665,0.23626666666666668,237.14266666666666,8.053333333333333,8.703333333333335,0.0,4.373333333333333,1.9084666666666665
2026-01-23 09:00:00,1.9806333333333332,0.23628333333333332,237.06466666666665,8.358333333333333,0.0,0.0,3.7233333333333336,1.9806333333333332
2026-01-23 10:00:00,0.8395333333333334,0.09873333333333334,237.62716666666668,3.5300000000000002,0.0,0.0,4.056666666666667,0.8395333333333334
2026-01-23 11:00:00,0.8743166666666666,0.10668333333333332,237.71833333333333,3.6783333333333332,0.0,0.0,4.258333333333334,0.8743166666666666
2026-01-23 12:00:00,0.8801333333333333,0.10556666666666666,237.69216666666668,3.705,0.0,0.0,4.178333333333333,0.8801333333333333
2026-01-23 13:00:00,0.8553999999999999,0.09965,237.52233333333334,3.605,0.0,0.0,4.025,0.8553999999999999
2026-01-23 14:00:00,0.83605,0.09935000000000001,237.41283333333334,3.5283333333333333,0.0,0.0,11.721666666666666,0.83605
2026-01-23 15:00:00,0.7814333333333334,0.092,237.46450000000002,3.2916666666666665,0.0,0.0,12.335,0.7814333333333334
2026-01-23 16:00:00,0.7105666666666667,0.0828,237.75266666666667,2.9949999999999997,0.0,0.0,11.995000000000001,0.7105666666666667
2026-01-23 17:00:00,0.6169166666666667,0.07816666666666668,237.971,2.5949999999999998,0.0,0.0,11.808333333333334,0.6169166666666667
2026-01-23 18:00:00,2.5014499999999997,0.3016166666666667,236.38933333333335,10.58,0.0,0.0,11.918333333333333,2.5014499999999997
2026-01-23 19:00:00,2.4007,0.2909333333333333,236.71716666666669,10.138333333333332,0.0,0.0,11.54,2.4007
2026-01-23 20:00:00,2.2667333333333333,0.27080000000000004,237.00799999999998,9.571666666666665,13.283333333333333,0.0,11.965,2.2667333333333333
2026-01-23 21:00:00,2.222266666666667,0.26848333333333335,237.36416666666668,9.363333333333333,0.0,25.651666666666664,12.51,2.222266666666667
2026-01-23 22:00:00,2.157433333333333,0.25601666666666667,236.58100000000002,9.123333333333333,0.0,0.0,12.325,2.157433333333333
2026-01-23 23:00:00,0.18018333333333333,0.042499999999999996,237.6455,0.76,0.0,0.0,12.06,0.18018333333333333
2026-01-24 00:00:00,0.16641666666666666,0.0417,237.76966666666667,0.6966666666666668,0.0,0.0,3.9733333333333336,0.16641666666666666
2026-01-24 01:00:00,0.4262833333333333,0.05701666666666667,238.19216666666668,1.7933333333333332,0.0,0.0,3.685,0.4262833333333333
2026-01-24 02:00:00,0.4357,0.0537,237.48583333333332,1.835,0.0,0.0,3.981666666666667,0.4357
2026-01-24 03:00:00,0.4212166666666667,0.05506666666666667,237.824,1.7683333333333333,0.0,0.0,4.178333333333333,0.4212166666666667
2026-01-24 04:00:00,0.41940000000000005,0.05706666666666667,237.7595,1.76,0.0,0.0,4.158333333333333,0.41940000000000005
2026-01-24 05:00:00,0.45421666666666666,0.05768333333333333,237.36516666666665,1.91,0.0,0.0,4.194999999999999,0.45421666666666666
2026-01-24 06:00:00,0.6159666666666667,0.07356666666666666,237.67749999999998,2.5949999999999998,0.0,0.0,3.9949999999999997,0.6159666666666667
2026-01-24 07:00:00,2.2768333333333337,0.27293333333333336,237.1305,9.601666666666667,0.0,0.0,4.116666666666666,2.2768333333333337
2026-01-24 08:00:00,2.3617666666666666,0.2810666666666667,236.4851666666667,9.988333333333333,9.593333333333334,0.0,3.75,2.3617666666666666
2026-01-24 09:00:00,2.4599333333333333,0.2960333333333333,236.11433333333335,10.416666666666666,0.0,0.0,3.9566666666666666,2.4599333333333333
2026-01-24 10:00:00,1.04275,0.12588333333333332,237.66233333333332,4.395,0.0,25.121666666666666,3.8516666666666666,1.04275
2026-01-24 11:00:00,1.1549166666666666,0.13799999999999998,237.52533333333335,4.866666666666666,0.0,23.733333333333334,4.065,1.1549166666666666
2026-01-24 12:00:00,1.1403333333333334,0.14186666666666667,237.56533333333334,4.805000000000001,0.0,26.075,4.26,1.1403333333333334
2026-01-24 13:00:00,1.1355666666666666,0.1352833333333333,238.03650000000002,4.77,0.0,25.09,3.896666666666667,1.1355666666666666
2026-01-24 14:00:00,1.0823666666666667,0.13025,237.74083333333334,4.556666666666667,0.0,24.001666666666665,11.496666666666666,1.0823666666666667
2026-01-24 15:00:00,1.0018333333333334,0.12356666666666666,237.6365,4.216666666666667,0.0,0.0,11.705,1.0018333333333334
2026-01-24 16:00:00,0.8678166666666667,0.1019,237.61166666666668,3.658333333333333,0.0,0.0,11.883333333333333,0.8678166666666667
2026-01-24 17:00:00,0.7780166666666666,0.09580000000000001,237.3961666666667,3.2766666666666664,0.0,0.0,11.821666666666665,0.7780166666666666
2026-01-24 18:00:00,3.1497666666666664,0.3756333333333333,236.7725,13.303333333333335,0.0,0.0,12.118333333333334,3.1497666666666664
2026-01-24 19:00:00,2.991983333333333,0.3562666666666667,236.3601666666667,12.663333333333332,0.0,0.0,11.811666666666667,2.991983333333333
2026-01-24 20:00:00,2.871983333333333,0.3466666666666667,236.072,12.171666666666665,13.686666666666667,0.0,11.854999999999999,2.871983333333333
2026-01-24 21:00:00,2.7883,0.33476666666666666,237.06466666666665,11.768333333333334,0.0,0.0,12.1,2.7883
2026-01-24 22:00:00,2.6785,0.32138333333333335,236.03233333333336,11.348333333333333,0.0,0.0,12.305,2.6785
2026-01-24 23:00:00,0.16506666666666667,0.04356666666666666,237.91733333333335,0.6950000000000001,0.0,0.0,11.988333333333333,0.16506666666666667
2026-01-25 00:00:00,0.15921666666666667,0.04301666666666667,238.05183333333335,0.6649999999999999,0.0,0.0,3.441666666666667,0.15921666666666667
2026-01-25 01:00:00,0.44276666666666664,0.059333333333333335,238.296,1.8533333333333333,0.0,0.0,4.29,0.44276666666666664
2026-01-25 02:00:00,0.4494666666666667,0.05595000000000001,238.23366666666666,1.8883333333333332,0.0,0.0,4.076666666666666,0.4494666666666667
2026-01-25 03:00:00,0.43851666666666667,0.05586666666666666,237.7905,1.8383333333333334,0.0,0.0,4.043333333333333,0.43851666666666667
2026-01-25 04:00:00,0.43960000000000005,0.05633333333333333,238.06383333333332,1.845,0.0,0.0,4.053333333333333,0.43960000000000005
2026-01-25 05:00:00,0.43001666666666666,0.05756666666666667,237.79833333333332,1.8133333333333332,0.0,0.0,4.105,0.43001666666666666
2026-01-25 06:00:00,0.6103333333333333,0.07825,237.7405,2.57,0.0,0.0,4.076666666666666,0.6103333333333333
2026-01-25 07:00:00,2.25465,0.2731833333333334,236.274,9.538333333333332,0.0,0.0,4.003333333333333,2.25465
2026-01-25 08:00:00,2.3596833333333334,0.28228333333333333,237.32000000000002,9.945,9.153333333333334,0.0,3.68,2.3596833333333334
2026-01-25 09:00:00,2.4826166666666665,0.30245,236.82233333333335,10.478333333333333,0.0,0.0,4.27,2.4826166666666665
2026-01-25 10:00:00,1.0554166666666667,0.12951666666666667,237.30416666666667,4.451666666666667,0.0,24.801666666666666,3.75,1.0554166666666667
2026-01-25 11:00:00,1.0798999999999999,0.13033333333333333,237.797,4.545,0.0,25.69333333333333,3.985,1.0798999999999999
2026-01-25 12:00:00,1.1290333333333333,0.13636666666666666,236.81633333333332,4.761666666666667,0.0,25.65,3.756666666666667,1.1290333333333333
2026-01-25 13:00:00,1.1136666666666666,0.13406666666666667,237.3563333333333,4.693333333333333,0.0,24.683333333333334,4.175,1.1136666666666666
2026-01-25 14:00:00,1.0546666666666666,0.1272,237.37733333333333,4.443333333333333,0.0,26.148333333333333,11.941666666666666,1.0546666666666666
2026-01-25 15:00:00,0.9759833333333333,0.12105,237.60399999999998,4.1049999999999995,0.0,0.0,11.921666666666665,0.9759833333333333
2026-01-25 16:00:00,0.8645499999999999,0.09905,237.4705,3.635,0.0,0.0,11.94,0.8645499999999999
2026-01-25 17:00:00,0.7598833333333334,0.09411666666666667,238.1725,3.1966666666666668,0.0,0.0,12.111666666666668,0.7598833333333334
2026-01-25 18:00:00,3.1184833333333333,0.3724166666666667,236.7086666666667,13.178333333333335,0.0,0.0,12.203333333333335,3.1184833333333333
2026-01-25 19:00:00,2.9891333333333336,0.35805000000000003,236.42916666666667,12.638333333333332,0.0,0.0,12.418333333333333,2.9891333333333336
2026-01-25 20:00:00,2.8514,0.3408833333333333,236.51383333333334,12.053333333333335,13.458333333333334,0.0,12.096666666666666,2.8514
2026-01-25 21:00:00,2.7708166666666667,0.33416666666666667,236.3355,11.728333333333333,0.0,0.0,12.26,2.7708166666666667
2026-01-25 22:00:00,2.6818999999999997,0.32165,236.6101666666667,11.343333333333334,0.0,0.0,12.215,2.6818999999999997
2026-01-25 23:00:00,0.18136666666666665,0.042749999999999996,238.056,0.7633333333333333,0.0,0.0,11.908333333333333,0.18136666666666665
2026-01-26 00:00:00,0.16188333333333332,0.042050000000000004,237.77516666666668,0.6766666666666666,0.0,0.0,3.6683333333333334,0.16188333333333332
2026-01-26 01:00:00,0.3519333333333333,0.050633333333333336,238.24883333333335,1.4783333333333333,0.0,0.0,3.775,0.3519333333333333
2026-01-26 02:00:00,0.3628,0.05131666666666667,238.33149999999998,1.5216666666666667,0.0,0.0,3.71,0.3628
2026-01-26 03:00:00,0.38073333333333337,0.05015,237.43633333333335,1.6066666666666667,0.0,0.0,4.661666666666666,0.38073333333333337
2026-01-26 04:00:00,0.3489333333333333,0.05091666666666667,237.17166666666665,1.47,0.0,0.0,3.7,0.3489333333333333
2026-01-26 05:00:00,0.3663666666666667,0.051583333333333335,238.19183333333334,1.5333333333333334,0.0,0.0,4.078333333333333,0.3663666666666667
2026-01-26 06:00:00,0.50935,0.0636,237.35483333333335,2.14,0.0,0.0,3.7449999999999997,0.50935
2026-01-26 07:00:00,1.7917999999999998,0.21703333333333333,237.43533333333335,7.546666666666667,0.0,0.0,4.395,1.7917999999999998
2026-01-26 08:00:00,1.9116166666666667,0.23231666666666667,236.91566666666668,8.068333333333333,9.03,0.0,4.043333333333333,1.9116166666666667
2026-01-26 09:00:00,2.0042166666666668,0.23950000000000002,237.25083333333333,8.446666666666667,0.0,0.0,4.108333333333333,2.0042166666666668
2026-01-26 10:00:00,0.8377,0.09966666666666667,237.582,3.525,0.0,0.0,4.0633333333333335,0.8377
2026-01-26 11:00:00,0.9043500000000001,0.11338333333333334,237.328,3.8116666666666665,0.0,0.0,4.1,0.9043500000000001
2026-01-26 12:00:00,0.8848666666666667,0.10765000000000001,238.1455,3.716666666666667,0.0,0.0,4.158333333333333,0.8848666666666667
2026-01-26 13:00:00,0.8818166666666667,0.09896666666666666,237.81283333333334,3.7116666666666664,0.0,0.0,4.194999999999999,0.8818166666666667
2026-01-26 14:00:00,0.8364666666666667,0.09923333333333333,237.49633333333335,3.5266666666666664,0.0,0.0,12.041666666666666,0.8364666666666667
2026-01-26 15:00:00,0.7911,0.09361666666666667,237.40983333333332,3.3333333333333335,0.0,0.0,12.081666666666667,0.7911
2026-01-26 16:00:00,0.6857666666666666,0.08118333333333333,237.02733333333333,2.893333333333333,0.0,0.0,12.131666666666666,0.6857666666666666
2026-01-26 17:00:00,0.5974333333333333,0.07335,237.77366666666666,2.5083333333333333,0.0,0.0,11.863333333333333,0.5974333333333333
2026-01-26 18:00:00,2.4854333333333334,0.29616666666666663,236.70216666666664,10.501666666666667,0.0,0.0,11.856666666666666,2.4854333333333334
2026-01-26 19:00:00,2.3861833333333333,0.28996666666666665,236.20833333333334,10.108333333333333,0.0,0.0,11.823333333333332,2.3861833333333333
2026-01-26 20:00:00,2.3217,0.27865,236.51233333333332,9.815,13.868333333333334,0.0,11.761666666666667,2.3217
2026-01-26 21:00:00,2.2122333333333333,0.2620166666666667,236.42333333333332,9.358333333333333,0.0,25.28166666666667,12.213333333333333,2.2122333333333333
2026-01-26 22:00:00,2.157433333333333,0.2592,237.1225,9.103333333333333,0.0,0.0,12.303333333333335,2.157433333333333
2026-01-26 23:00:00,0.17211666666666667,0.04265,237.8175,0.7233333333333333,0.0,0.0,11.633333333333333,0.17211666666666667
2026-01-27 00:00:00,0.14884999999999998,0.04068333333333333,238.11666666666667,0.62,0.0,0.0,3.4916666666666667,0.14884999999999998
2026-01-27 01:00:00,0.35815,0.0508,238.0703333333333,1.505,0.0,0.0,4.178333333333333,0.35815
2026-01-27 02:00:00,0.31606666666666666,0.05085,237.91466666666665,1.3283333333333334,0.0,0.0,3.816666666666667,0.31606666666666666
2026-01-27 03:00:00,0.34695,0.04973333333333333,238.0615,1.4566666666666668,0.0,0.0,3.81,0.34695
2026-01-27 04:00:00,0.35258333333333336,0.05263333333333333,238.129,1.48,0.0,0.0,3.996666666666667,0.35258333333333336
2026-01-27 05:00:00,0.3230166666666667,0.0512,238.0735,1.3616666666666668,0.0,0.0,3.9916666666666667,0.3230166666666667
2026-01-27 06:00:00,0.5263666666666666,0.07103333333333334,237.22216666666665,2.2199999999999998,0.0,0.0,3.4566666666666666,0.5263666666666666
2026-01-27 07:00:00,1.7914166666666667,0.21335,236.99949999999998,7.5600000000000005,0.0,0.0,4.075,1.7914166666666667
2026-01-27 08:00:00,1.9098833333333334,0.22566666666666668,236.74650000000003,8.065,9.063333333333333,0.0,3.558333333333333,1.9098833333333334
2026-01-27 09:00:00,1.97975,0.2365,237.38299999999998,8.338333333333333,0.0,0.0,3.8633333333333337,1.97975
2026-01-27 10:00:00,0.8772833333333333,0.10523333333333333,237.34333333333333,3.7016666666666667,0.0,0.0,4.058333333333334,0.8772833333333333
2026-01-27 11:00:00,0.8751833333333334,0.10103333333333334,237.428,3.69,0.0,0.0,3.808333333333333,0.8751833333333334
2026-01-27 12:00:00,0.8993166666666668,0.10485000000000001,237.596,3.7866666666666666,0.0,0.0,3.6633333333333336,0.8993166666666668
2026-01-27 13:00:00,0.8796999999999999,0.10466666666666667,237.30866666666668,3.7066666666666666,0.0,0.0,3.54,0.8796999999999999
2026-01-27 14:00:00,0.8553999999999999,0.10498333333333335,237.41383333333334,3.605,0.0,0.0,12.396666666666667,0.8553999999999999
2026-01-27 15:00:00,0.7687833333333334,0.09333333333333334,237.29983333333334,3.2416666666666667,0.0,0.0,12.206666666666667,0.7687833333333334
2026-01-27 16:00:00,0.6957,0.08168333333333333,237.71983333333336,2.925,0.0,0.0,11.781666666666666,0.6957
2026-01-27 17:00:00,0.5865666666666667,0.07225,237.24816666666666,2.475,0.0,0.0,11.933333333333334,0.5865666666666667
2026-01-27 18:00:00,2.483033333333333,0.2962166666666667,236.825,10.485000000000001,0.0,0.0,12.463333333333333,2.483033333333333
2026-01-27 19:00:00,2.396733333333333,0.2844333333333333,237.08066666666667,10.108333333333333,0.0,0.0,11.945,2.396733333333333
2026-01-27 20:00:00,2.3296166666666664,0.2779333333333333,237.14483333333334,9.825,14.091666666666667,0.0,12.07,2.3296166666666664
2026-01-27 21:00:00,2.2466500000000003,0.2750333333333333,237.101,9.479999999999999,0.0,24.458333333333332,11.923333333333334,2.2466500000000003
2026-01-27 22:00:00,2.1635666666666666,0.2579666666666667,237.064,9.123333333333333,0.0,0.0,11.463333333333333,2.1635666666666666
2026-01-27 23:00:00,0.15938333333333335,0.04228333333333333,237.34333333333333,0.6649999999999999,0.0,0.0,11.74,0.15938333333333335
2026-01-28 00:00:00,0.1822,0.04191666666666667,237.94466666666668,0.7633333333333333,0.0,0.0,4.153333333333333,0.1822
2026-01-28 01:00:00,0.3645333333333333,0.05028333333333333,238.11766666666665,1.535,0.0,0.0,4.171666666666667,0.3645333333333333
2026-01-28 02:00:00,0.3324666666666667,0.05193333333333334,237.50966666666667,1.405,0.0,0.0,3.76,0.3324666666666667
2026-01-28 03:00:00,0.39096666666666663,0.051050000000000005,238.19016666666667,1.645,0.0,0.0,3.783333333333333,0.39096666666666663
2026-01-28 04:00:00,0.3449833333333333,0.05073333333333333,237.70133333333334,1.45,0.0,0.0,4.05,0.3449833333333333
2026-01-28 05:00:00,0.34793333333333337,0.05145,237.38533333333334,1.4566666666666668,0.0,0.0,3.9033333333333333,0.34793333333333337
2026-01-28 06:00:00,0.4975333333333333,0.06411666666666667,237.94366666666667,2.0933333333333333,0.0,0.0,4.216666666666667,0.4975333333333333
2026-01-28 07:00:00,1.7793666666666668,0.21596666666666667,236.77083333333334,7.5183333333333335,0.0,0.0,3.425,1.7793666666666668
2026-01-28 08:00:00,1.9237833333333332,0.23298333333333332,236.62883333333332,8.136666666666667,9.129999999999999,0.0,3.645,1.9237833333333332
2026-01-28 09:00:00,1.9809166666666667,0.23618333333333333,237.248,8.343333333333334,0.0,0.0,4.156666666666667,1.9809166666666667
2026-01-28 10:00:00,0.8480166666666666,0.099,237.05133333333333,3.578333333333333,0.0,0.0,3.631666666666667,0.8480166666666666
2026-01-28 11:00:00,0.8884666666666666,0.10646666666666667,237.23066666666668,3.7483333333333335,0.0,0.0,4.095,0.8884666666666666
2026-01-28 12:00:00,0.8919833333333334,0.10178333333333334,237.08800000000002,3.7550000000000003,0.0,0.0,4.355,0.8919833333333334
2026-01-28 13:00:00,0.8662,0.10024999999999999,237.511,3.6599999999999997,0.0,0.0,4.355,0.8662
2026-01-28 14:00:00,0.8417166666666667,0.10133333333333333,236.96916666666667,3.545,0.0,0.0,11.901666666666667,0.8417166666666667
2026-01-28 15:00:00,0.81865,0.10231666666666667,237.66733333333332,3.445,0.0,0.0,12.235000000000001,0.81865
2026-01-28 16:00:00,0.7134833333333332,0.0847,237.69383333333332,2.996666666666667,0.0,0.0,12.036666666666667,0.7134833333333332
2026-01-28 17:00:00,0.6068666666666667,0.07454999999999999,237.0505,2.565,0.0,0.0,12.556666666666667,0.6068666666666667
2026-01-28 18:00:00,2.5011333333333337,0.2996,236.61316666666667,10.571666666666665,0.0,0.0,11.683333333333334,2.5011333333333337
2026-01-28 19:00:00,2.414533333333333,0.28351666666666664,236.50966666666667,10.211666666666668,0.0,0.0,11.801666666666668,2.414533333333333
2026-01-28 20:00:00,2.3016666666666667,0.2736,236.75516666666667,9.725,12.666666666666666,0.0,11.933333333333334,2.3016666666666667
2026-01-28 21:00:00,2.2254500000000004,0.2628833333333333,236.9163333333333,9.393333333333334,0.0,25.208333333333332,12.46,2.2254500000000004
2026-01-28 22:00:00,2.168066666666667,0.25635,236.70516666666666,9.156666666666666,0.0,0.0,12.036666666666667,2.168066666666667
2026-01-28 23:00:00,0.18201666666666666,0.042383333333333335,238.3743333333333,0.7616666666666667,0.0,0.0,12.195,0.18201666666666666
2026-01-29 00:00:00,0.15811666666666666,0.04106666666666667,237.97366666666667,0.6649999999999999,0.0,0.0,4.1433333333333335,0.15811666666666666
2026-01-29 01:00:00,0.33658333333333335,0.050050000000000004,237.83599999999998,1.4133333333333333,0.0,0.0,3.1416666666666666,0.33658333333333335
2026-01-29 02:00:00,0.3622666666666667,0.0516,237.572,1.5233333333333334,0.0,0.0,4.08,0.3622666666666667
2026-01-29 03:00:00,0.37245,0.05155,238.00733333333335,1.5616666666666668,0.0,0.0,4.21,0.37245
2026-01-29 04:00:00,0.3423833333333333,0.0518,237.9296666666667,1.4416666666666667,0.0,0.0,4.138333333333334,0.3423833333333333
2026-01-29 05:00:00,0.35045000000000004,0.05163333333333333,237.417,1.4783333333333333,0.0,0.0,3.9650000000000003,0.35045000000000004
2026-01-29 06:00:00,0.49835,0.057216666666666666,237.929,2.0933333333333333,0.0,0.0,4.431666666666667,0.49835
2026-01-29 07:00:00,1.782,0.2153,236.67233333333334,7.526666666666667,0.0,0.0,3.81,1.782
2026-01-29 08:00:00,1.90485,0.22705,237.03383333333335,8.036666666666667,8.528333333333332,0.0,4.623333333333333,1.90485
2026-01-29 09:00:00,1.9814,0.24105000000000001,236.31933333333333,8.383333333333333,0.0,0.0,3.8433333333333333,1.9814
2026-01-29 10:00:00,0.8585666666666666,0.09828333333333333,237.45499999999998,3.6166666666666667,0.0,0.0,4.21,0.8585666666666666
2026-01-29 11:00:00,0.8781666666666667,0.10561666666666666,237.29483333333334,3.7,0.0,0.0,3.9383333333333335,0.8781666666666667
2026-01-29 12:00:00,0.9074333333333333,0.10718333333333334,237.1945,3.8266666666666667,0.0,0.0,4.191666666666666,0.9074333333333333
2026-01-29 13:00:00,0.8716666666666666,0.1062,236.9785,3.6766666666666667,0.0,0.0,3.7583333333333333,0.8716666666666666
2026-01-29 14:00:00,0.8507,0.10616666666666667,237.14249999999998,3.5933333333333333,0.0,0.0,12.418333333333333,0.8507
2026-01-29 15:00:00,0.7923333333333333,0.095,238.01033333333334,3.325,0.0,0.0,11.81,0.7923333333333333
2026-01-29 16:00:00,0.7019833333333333,0.08861666666666666,236.858,2.9650000000000003,0.0,0.0,11.931666666666667,0.7019833333333333
2026-01-29 17:00:00,0.5966166666666666,0.07815,237.75366666666665,2.51,0.0,0.0,12.176666666666668,0.5966166666666666
2026-01-29 18:00:00,2.4724999999999997,0.2919333333333333,236.3915,10.456666666666667,0.0,0.0,11.491666666666667,2.4724999999999997
2026-01-29 19:00:00,2.399783333333333,0.28175,236.32633333333334,10.156666666666666,0.0,0.0,12.045,2.399783333333333
2026-01-29 20:00:00,2.2869666666666664,0.27516666666666667,236.977,9.65,14.004999999999999,0.0,11.928333333333335,2.2869666666666664
2026-01-29 21:00:00,2.214516666666667,0.26755,237.01883333333333,9.338333333333333,0.0,24.823333333333334,12.453333333333335,2.214516666666667
2026-01-29 22:00:00,2.1483,0.25748333333333334,237.38433333333333,9.056666666666667,0.0,0.0,12.113333333333333,2.1483
2026-01-29 23:00:00,0.17634999999999998,0.04265,237.5345,0.7383333333333333,0.0,0.0,12.323333333333332,0.17634999999999998
2026-01-30 00:00:00,0.15706666666666666,0.04203333333333334,237.64466666666667,0.6566666666666666,0.0,0.0,3.935,0.15706666666666666
2026-01-30 01:00:00,0.32238333333333336,0.05,237.76583333333335,1.3616666666666668,0.0,0.0,3.441666666666667,0.32238333333333336
2026-01-30 02:00:00,0.35895,0.05043333333333333,238.44033333333334,1.5166666666666666,0.0,0.0,4.076666666666666,0.35895
2026-01-30 03:00:00,0.35341666666666666,0.04988333333333333,237.85150000000002,1.4883333333333333,0.0,0.0,3.925,0.35341666666666666
2026-01-30 04:00:00,0.34576666666666667,0.051816666666666664,238.2125,1.4516666666666667,0.0,0.0,4.173333333333334,0.34576666666666667
2026-01-30 05:00:00,0.34753333333333336,0.051783333333333334,238.19233333333335,1.4583333333333333,0.0,0.0,4.145,0.34753333333333336
2026-01-30 06:00:00,0.48636666666666667,0.06051666666666667,237.68633333333335,2.0483333333333333,0.0,0.0,3.4283333333333337,0.48636666666666667
2026-01-30 07:00:00,1.78255,0.21348333333333336,236.8671666666667,7.531666666666666,0.0,0.0,4.235,1.78255
2026-01-30 08:00:00,1.9347166666666666,0.23361666666666667,236.943,8.165,9.205,0.0,3.64,1.9347166666666666
2026-01-30 09:00:00,1.9779666666666667,0.23484999999999998,237.19116666666665,8.343333333333334,0.0,0.0,3.86,1.9779666666666667
2026-01-30 10:00:00,0.8463666666666667,0.10208333333333333,237.62883333333332,3.5616666666666665,0.0,0.0,4.038333333333333,0.8463666666666667
2026-01-30 11:00:00,0.8744333333333334,0.10328333333333334,237.9,3.6783333333333332,0.0,0.0,3.7216666666666667,0.8744333333333334
2026-01-30 12:00:00,0.88145,0.10336666666666666,237.33533333333332,3.7133333333333334,0.0,0.0,4.056666666666667,0.88145
2026-01-30 13:00:00,0.9043500000000001,0.11073333333333334,237.51916666666665,3.8049999999999997,0.0,0.0,3.9099999999999997,0.9043500000000001
2026-01-30 14:00:00,0.8524833333333334,0.1045,237.82433333333333,3.5866666666666664,0.0,0.0,11.713333333333333,0.8524833333333334
2026-01-30 15:00:00,0.7697833333333333,0.09021666666666667,238.20466666666667,3.231666666666667,0.0,0.0,12.396666666666667,0.7697833333333333
2026-01-30 16:00:00,0.7204666666666667,0.08793333333333334,237.13666666666668,3.04,0.0,0.0,11.771666666666667,0.7204666666666667
2026-01-30 17:00:00,0.59,0.07351666666666666,237.404,2.4916666666666667,0.0,0.0,12.161666666666667,0.59
2026-01-30 18:00:00,2.5235666666666665,0.30135,237.31816666666666,10.633333333333333,0.0,0.0,11.973333333333333,2.5235666666666665
2026-01-30 19:00:00,2.4023499999999998,0.2874333333333333,236.79833333333332,10.148333333333333,0.0,0.0,12.41,2.4023499999999998
2026-01-30 20:00:00,2.330766666666667,0.27913333333333334,236.7758333333333,9.843333333333334,12.860000000000001,0.0,11.676666666666668,2.330766666666667
2026-01-30 21:00:00,2.2127,0.2679,236.49966666666666,9.363333333333333,0.0,25.095000000000002,11.99,2.2127
2026-01-30 22:00:00,2.1539333333333333,0.26,236.98950000000002,9.093333333333334,0.0,0.0,12.188333333333333,2.1539333333333333
2026-01-30 23:00:00,0.16685,0.042333333333333334,237.80433333333335,0.6966666666666667,0.0,0.0,11.973333333333333,0.16685
